timestamp,rank,selected,states,freqs,efficiency,kwt,feasible,pred_170_1,pred_170_2,pred_70_3,deviation,violation
2026-07-10 00:30:00,1,0,0100101,0 40 0 0 50 0 50,52.54,156.96,False,2100.0,515.1,381.0,"+100.7, +64.3, +26.6",0.7
2026-07-10 00:30:00,2,1,0110101,0 38 30 0 50 0 50,52.04,159.12,True,2101.0,532.3,430.8,"+99.8, +47.1, +76.5",0.0
2026-07-10 00:30:00,3,0,1110101,30 50 30 0 45 0 50,51.74,160.05,False,2262.6,580.8,501.8,"+61.9, +1.4, +147.5",47.5
2026-07-10 00:30:00,4,0,0100111,0 50 0 0 46 30 50,50.71,160.28,False,2099.3,545.8,449.1,"+101.4, +33.6, +94.7",1.4
2026-07-10 00:30:00,5,0,0101101,0 49 0 30 35 0 50,50.26,157.43,False,2078.3,512.4,454.8,"+122.4, +67.0, +100.4",22.8
2026-07-10 01:00:00,1,0,1101101,30 30 0 37 50 0 50,52.9,156.55,True,2159.8,463.8,495.8,"+24.1, +70.8, +19.2",0.0
2026-07-10 01:00:00,2,0,1110101,30 30 30 0 50 0 50,52.75,155.85,True,2162.3,563.5,493.2,"+21.6, +28.9, +16.6",0.0
2026-07-10 01:00:00,3,1,0110101,0 36 30 0 50 0 50,52.13,158.86,True,2087.8,529.8,431.3,"+96.1, +4.8, +45.3",0.0
2026-07-10 01:00:00,4,0,1100101,38 40 0 0 49 0 50,51.77,159.97,True,2149.0,517.2,441.3,"+34.9, +17.5, +35.3",0.0
2026-07-10 01:00:00,5,0,0111101,0 47 32 30 37 0 50,50.95,160.82,True,2120.7,531.6,520.9,"+63.2, +3.0, +44.3",0.0
2026-07-10 01:30:00,1,0,1110101,30 49 30 0 50 0 50,52.01,159.21,False,2287.7,587.6,500.5,"+34.9, +40.0, +124.8",24.8
2026-07-10 01:30:00,2,1,0110101,0 46 30 0 50 0 50,51.63,160.41,True,2154.9,540.6,429.7,"+97.9, +6.9, +54.0",0.0
2026-07-10 01:30:00,3,0,1100101,34 50 0 0 50 0 50,50.99,159.07,True,2196.9,534.2,447.6,"+55.9, +13.4, +71.9",0.0
2026-07-10 01:30:00,4,0,0111111,0 47 30 37 50 39 50,46.05,179.37,False,2223.1,587.1,499.4,"+29.7, +39.6, +123.7",23.7
2026-07-10 01:30:00,5,0,1101111,38 37 0 43 47 39 50,44.34,177.2,False,2200.5,543.4,500.3,"+52.3, +4.2, +124.6",24.6
2026-07-10 02:00:00,1,0,1110101,30 50 30 0 50 0 50,51.92,159.51,False,2293.9,589.1,501.0,"+7.6, +28.9, +177.1",77.1
2026-07-10 02:00:00,2,1,0110101,0 50 30 0 50 0 50,51.45,160.95,False,2188.3,547.4,431.6,"+98.1, +12.9, +107.7",7.7
2026-07-10 02:00:00,3,0,1100101,34 45 0 0 50 0 50,51.19,158.44,False,2159.0,526.1,446.0,"+127.3, +34.2, +122.1",49.4
2026-07-10 02:00:00,4,0,0111111,0 47 30 37 50 39 50,46.05,179.37,False,2223.1,587.1,499.4,"+63.2, +26.9, +175.5",75.5
2026-07-10 02:00:00,5,0,1101111,38 37 0 43 47 39 50,44.34,177.2,False,2200.5,543.4,500.3,"+85.8, +16.9, +176.4",76.4
2026-07-10 02:30:00,1,0,0100101,0 50 0 0 38 0 50,51.83,159.78,False,2128.5,513.0,375.0,"+124.7, +30.9, +46.2",24.7
2026-07-10 02:30:00,2,0,1110101,30 50 30 0 45 0 50,51.74,160.05,False,2262.6,580.8,501.8,"+9.4, +36.9, +173.0",73.0
2026-07-10 02:30:00,3,1,0110101,0 50 30 0 41 0 50,51.32,161.36,False,2154.0,536.5,429.1,"+99.2, +7.5, +100.3",0.3
2026-07-10 02:30:00,4,0,0111111,0 50 31 33 44 39 50,46.51,178.04,False,2348.3,613.9,499.3,"+95.1, +70.0, +170.5",70.5
2026-07-10 02:30:00,5,0,1101111,38 37 0 43 47 39 50,44.34,177.2,False,2200.5,543.4,500.3,"+52.7, +0.5, +171.5",71.5
2026-07-10 03:00:00,1,0,1110101,30 46 30 0 34 0 50,51.48,160.53,False,2167.6,561.4,499.4,"+29.6, +35.7, +179.3",79.3
2026-07-10 03:00:00,2,0,0100101,0 50 0 0 30 0 50,50.95,157.08,False,2052.9,501.1,382.6,"+144.3, +24.5, +62.6",44.3
2026-07-10 03:00:00,3,1,0110101,0 50 30 0 30 0 50,50.95,162.54,False,2111.0,524.8,427.5,"+86.3, +0.9, +107.4",7.4
2026-07-10 03:00:00,4,0,0101101,0 49 0 30 35 0 50,50.26,157.43,False,2078.3,512.4,454.8,"+118.9, +13.3, +134.7",53.6
2026-07-10 03:00:00,5,0,0111101,0 49 36 47 44 0 50,47.89,166.83,False,2287.1,526.1,501.5,"+89.8, +0.5, +181.4",81.4
2026-07-10 03:30:00,1,1,0100101,0 33 0 0 50 0 50,52.75,157.0,True,2034.1,504.4,382.0,"+95.3, +5.4, +74.8",0.0
2026-07-10 03:30:00,2,0,1100101,30 50 0 0 30 0 50,51.01,162.34,False,2126.3,515.2,427.3,"+3.1, +5.4, +120.1",20.1
2026-07-10 03:30:00,3,0,0110101,0 50 30 0 30 0 50,50.95,162.54,False,2111.0,524.8,427.5,"+18.4, +15.0, +120.3",20.3
2026-07-10 03:30:00,4,0,0101101,0 50 0 30 35 0 50,50.85,158.95,False,2103.8,514.6,448.7,"+25.6, +4.8, +141.5",41.5
2026-07-10 03:30:00,5,0,0111111,0 43 30 32 35 50 50,42.65,181.83,False,2119.4,536.2,476.6,"+10.0, +26.4, +169.4",69.4
2026-07-10 04:00:00,1,1,0100101,0 30 0 0 50 0 50,52.78,156.89,True,2004.4,499.2,382.1,"+51.4, +4.9, +60.6",0.0
2026-07-10 04:00:00,2,0,0110101,0 50 30 0 30 0 50,50.95,162.54,False,2111.0,524.8,427.5,"+55.2, +20.6, +105.9",5.9
2026-07-10 04:00:00,3,0,0101101,0 50 0 30 35 0 50,50.85,158.95,False,2103.8,514.6,448.7,"+48.1, +10.5, +127.1",27.1
2026-07-10 04:00:00,4,0,1100101,30 50 0 0 30 0 50,50.5,160.54,False,2109.1,516.7,434.5,"+53.4, +12.6, +112.9",12.9
2026-07-10 04:00:00,5,0,0100001,0 50 0 0 0 0 50,49.64,166.84,False,1913.6,458.8,363.2,"+142.1, +45.3, +41.6",42.1
2026-07-10 04:30:00,1,0,1110100,30 30 30 0 50 0 0,52.56,156.9,False,2113.3,575.7,0.0,"+50.4, +38.6, +215.8",115.8
2026-07-10 04:30:00,2,1,0110101,0 30 30 0 50 0 50,52.31,158.31,False,2046.1,522.8,429.3,"+16.9, +14.3, +213.4",113.4
2026-07-10 04:30:00,3,0,0110100,0 30 30 0 50 0 0,52.03,159.15,False,2021.3,512.1,0.0,"+41.6, +25.0, +215.8",115.8
2026-07-10 04:30:00,4,0,0100100,0 47 0 0 45 0 0,51.27,157.17,False,2094.1,504.9,0.0,"+31.2, +32.3, +215.8",115.8
2026-07-10 04:30:00,5,0,1101100,32 35 0 30 42 0 0,51.02,159.14,False,2048.7,468.2,0.0,"+14.2, +68.9, +215.8",115.8
2026-07-10 05:00:00,1,0,1110100,30 33 34 0 50 0 0,53.07,171.74,False,2184.5,563.7,0.0,"+88.8, +16.0, +169.1",69.1
2026-07-10 05:00:00,2,0,1010100,30 0 33 0 50 0 0,52.91,172.27,False,2002.5,528.1,0.0,"+93.3, +19.6, +169.1",69.1
2026-07-10 05:00:00,3,1,0110100,0 30 34 0 50 0 0,52.71,171.42,False,2076.3,518.7,0.0,"+19.5, +29.0, +169.1",69.1
2026-07-10 05:00:00,4,0,1100100,30 30 0 0 50 0 0,52.3,165.89,False,2068.4,499.2,0.0,"+27.4, +48.5, +169.1",69.1
2026-07-10 05:00:00,5,0,0101110,0 48 0 34 39 31 0,51.71,172.88,False,2164.8,515.2,0.0,"+69.1, +32.5, +169.1",69.1
2026-07-10 05:30:00,1,0,1110100,30 30 30 0 49 0 0,52.78,166.55,False,2142.1,552.7,0.0,"+95.8, +21.3, +174.9",74.9
2026-07-10 05:30:00,2,0,0111100,0 30 32 36 49 0 0,52.72,165.74,False,2098.3,509.4,0.0,"+52.0, +22.0, +174.9",74.9
2026-07-10 05:30:00,3,1,0110100,0 30 30 0 50 0 0,52.61,171.6,False,2068.1,513.9,0.0,"+21.8, +17.6, +174.9",74.9
2026-07-10 05:30:00,4,0,1100100,39 32 0 0 48 0 0,52.21,165.92,False,2088.5,504.8,0.0,"+42.2, +26.7, +174.9",74.9
2026-07-10 05:30:00,5,0,1010100,45 0 30 0 43 0 0,52.03,169.71,False,1953.7,522.2,0.0,"+92.6, +9.2, +174.9",74.9
2026-07-10 06:00:00,1,0,0101100,0 34 0 35 50 0 0,52.81,172.59,False,2078.9,493.9,0.0,"+25.2, +41.2, +167.3",67.3
2026-07-10 06:00:00,2,0,1110100,34 30 31 0 45 0 0,52.8,170.77,False,2140.5,556.1,0.0,"+86.8, +21.0, +167.3",67.3
2026-07-10 06:00:00,3,0,0110100,0 36 33 0 50 0 0,52.74,172.82,False,2113.0,525.2,0.0,"+59.2, +9.9, +167.3",67.3
2026-07-10 06:00:00,4,0,1100100,44 30 0 0 50 0 0,52.69,172.99,False,2131.9,515.0,0.0,"+78.2, +20.1, +167.3",67.3
2026-07-10 06:00:00,5,1,0100101,0 30 0 0 38 0 50,52.48,173.69,False,1953.8,471.5,297.5,"+100.0, +63.6, +130.2",30.2
2026-07-10 06:30:00,1,0,1110100,30 30 36 0 42 0 0,52.8,172.63,False,2120.5,555.5,0.0,"+98.7, +24.6, +168.6",68.6
2026-07-10 06:30:00,2,1,0110100,0 30 30 0 50 0 0,52.56,169.24,False,2059.2,512.3,0.0,"+37.4, +18.6, +168.6",68.6
2026-07-10 06:30:00,3,0,0111100,0 34 34 34 41 0 0,52.45,166.25,False,2049.2,499.0,0.0,"+27.4, +32.0, +168.6",68.6
2026-07-10 06:30:00,4,0,1100100,39 32 0 0 48 0 0,52.21,165.92,False,2088.5,504.8,0.0,"+66.7, +26.2, +168.6",68.6
2026-07-10 06:30:00,5,0,0011110,0 0 30 32 44 39 0,50.47,175.11,False,2003.3,565.2,0.0,"+18.5, +34.2, +168.6",68.6
2026-07-10 07:00:00,1,0,0011100,0 0 49 45 50 0 0,54.44,167.43,False,2059.3,534.0,0.0,"+97.7, +18.0, +158.1",58.1
2026-07-10 07:00:00,2,0,1001100,31 0 0 50 50 0 0,53.17,171.42,False,1980.2,428.4,0.0,"+18.6, +87.6, +158.1",58.1
2026-07-10 07:00:00,3,0,1010100,31 0 34 0 49 0 0,52.88,172.38,False,1990.3,528.2,0.0,"+28.7, +12.2, +158.1",58.1
2026-07-10 07:00:00,4,1,0110100,0 30 33 0 50 0 0,52.58,167.89,False,2060.3,515.4,0.0,"+98.7, +0.6, +158.1",58.1
2026-07-10 07:00:00,5,0,0001100,0 0 0 50 50 0 0,52.58,173.36,False,1892.9,443.3,0.0,"+68.7, +72.8, +158.1",58.1
2026-07-10 07:30:00,1,0,0100100,0 44 0 0 45 0 0,52.3,170.51,False,2094.3,496.8,0.0,"+98.5, +22.6, +166.2",66.2
2026-07-10 07:30:00,2,1,0100101,0 30 0 0 30 0 50,52.05,175.11,False,1925.5,460.2,294.9,"+70.3, +59.2, +128.6",28.6
2026-07-10 07:30:00,3,0,0110100,0 41 30 0 42 0 0,52.05,170.86,False,2091.2,514.9,0.0,"+95.3, +4.5, +166.2",66.2
2026-07-10 07:30:00,4,0,1000100,38 0 0 0 49 0 0,51.7,171.89,False,1941.9,471.1,0.0,"+54.0, +48.3, +166.2",66.2
2026-07-10 07:30:00,5,0,0100001,0 48 0 0 0 0 50,50.18,175.34,False,1901.6,451.0,325.0,"+94.2, +68.4, +158.8",58.8
2026-07-10 08:00:00,1,0,0100100,0 44 0 0 45 0 0,52.3,170.51,False,2094.3,496.8,0.0,"+79.4, +30.0, +170.3",70.3
2026-07-10 08:00:00,2,1,0100101,0 30 0 0 30 0 50,52.05,175.11,False,1925.5,460.2,294.9,"+89.5, +66.7, +124.5",24.5
2026-07-10 08:00:00,3,0,1100100,36 39 0 0 40 0 0,51.92,172.66,False,2098.0,505.4,0.0,"+83.0, +21.4, +170.3",70.3
2026-07-10 08:00:00,4,0,1000100,38 0 0 0 49 0 0,51.7,171.89,False,1941.9,471.1,0.0,"+73.1, +55.8, +170.3",70.3
2026-07-10 08:00:00,5,0,0100001,0 47 0 0 0 0 50,50.36,178.39,False,1898.0,448.2,306.2,"+117.0, +78.6, +135.8",52.9
2026-07-10 08:30:00,1,0,1110100,30 31 36 0 41 0 0,52.77,172.74,False,2118.8,555.4,0.0,"+76.1, +20.1, +166.5",66.5
2026-07-10 08:30:00,2,0,0111100,0 30 34 40 47 0 0,52.7,166.15,False,2133.6,524.2,0.0,"+90.9, +11.1, +166.5",66.5
2026-07-10 08:30:00,3,0,0101100,0 30 0 32 50 0 0,52.66,169.98,False,2040.1,486.1,0.0,"+2.6, +49.2, +166.5",66.5
2026-07-10 08:30:00,4,0,0110100,0 30 36 0 50 0 0,52.65,168.72,False,2067.5,519.3,0.0,"+24.8, +16.0, +166.5",66.5
2026-07-10 08:30:00,5,1,0100101,0 30 0 0 35 0 50,52.31,174.25,False,1943.4,467.4,296.3,"+99.3, +67.9, +129.8",29.8
2026-07-10 09:00:00,1,0,0110101,0 30 30 0 48 0 50,53.39,170.73,True,2094.7,518.8,363.5,"+95.7, +1.4, +52.2",0.0
2026-07-10 09:00:00,2,1,0100101,0 30 0 0 50 0 50,53.29,171.04,True,2028.9,487.9,302.3,"+29.8, +32.3, +8.9",0.0
2026-07-10 09:00:00,3,0,0101101,0 35 0 40 42 0 50,53.09,171.69,True,2069.1,487.9,377.6,"+70.0, +32.3, +66.3",0.0
2026-07-10 09:00:00,4,0,0100111,0 38 0 0 43 34 50,52.62,172.1,True,2033.3,515.7,376.7,"+34.3, +4.5, +65.5",0.0
2026-07-10 09:00:00,5,0,0010101,0 0 36 0 43 0 50,52.25,172.64,True,1915.6,483.0,364.1,"+83.5, +37.3, +52.8",0.0
2026-07-10 09:30:00,1,0,0110101,0 30 30 0 48 0 50,53.39,170.73,True,2094.7,518.8,363.5,"+95.8, +2.9, +19.1",0.0
2026-07-10 09:30:00,2,1,0100101,0 30 0 0 50 0 50,53.29,171.04,True,2028.9,487.9,302.3,"+30.0, +33.8, +42.0",0.0
2026-07-10 09:30:00,3,0,0101101,0 35 0 40 42 0 50,53.09,171.69,True,2069.1,487.9,377.6,"+70.2, +33.9, +33.2",0.0
2026-07-10 09:30:00,4,0,0100111,0 38 0 0 43 34 50,52.62,172.1,True,2033.3,515.7,376.7,"+34.4, +6.0, +32.4",0.0
2026-07-10 09:30:00,5,0,0010101,0 0 36 0 43 0 50,52.25,172.64,True,1915.6,483.0,364.1,"+83.3, +38.8, +19.7",0.0
2026-07-10 10:00:00,1,1,0100101,0 35 0 0 50 0 50,53.38,170.77,True,2080.1,498.5,304.6,"+89.8, +15.3, +34.6",0.0
2026-07-10 10:00:00,2,0,0110101,0 30 30 0 45 0 50,53.25,171.17,True,2074.3,514.4,363.9,"+84.0, +0.6, +24.7",0.0
2026-07-10 10:00:00,3,0,0101101,0 31 0 31 45 0 50,53.24,171.21,True,2048.5,486.9,360.7,"+58.1, +26.9, +21.5",0.0
2026-07-10 10:00:00,4,0,0100111,0 33 0 0 50 30 50,52.99,172.03,True,2039.8,516.0,361.2,"+49.4, +2.2, +21.9",0.0
2026-07-10 10:00:00,5,0,0110111,0 30 30 0 50 33 50,52.73,172.88,True,2082.4,539.0,408.8,"+92.1, +25.2, +69.5",0.0
2026-07-10 10:30:00,1,0,0110101,0 30 30 0 50 0 50,53.44,170.55,True,2107.9,521.7,363.1,"+74.2, +6.5, +41.5",0.0
2026-07-10 10:30:00,2,1,0100101,0 35 0 0 50 0 50,53.38,170.77,True,2080.1,498.5,304.6,"+46.5, +29.7, +17.0",0.0
2026-07-10 10:30:00,3,0,0010101,0 0 49 0 50 0 50,53.22,171.28,True,1971.9,511.1,380.6,"+61.8, +17.1, +59.0",0.0
2026-07-10 10:30:00,4,0,0100111,0 30 0 0 50 35 50,52.87,172.4,True,2008.6,514.0,367.1,"+25.1, +14.2, +45.4",0.0
2026-07-10 10:30:00,5,0,0110001,0 46 43 0 0 0 50,50.37,176.31,True,1956.6,492.6,403.8,"+77.1, +35.7, +82.2",0.0
2026-07-10 11:00:00,1,0,0110101,0 30 30 0 50 0 50,53.44,170.55,True,2107.9,521.7,363.1,"+8.4, +29.2, +7.7",0.0
2026-07-10 11:00:00,2,0,1110101,34 30 30 0 50 0 50,53.25,171.18,True,2195.4,553.7,421.3,"+79.0, +2.7, +65.9",0.0
2026-07-10 11:00:00,3,1,0100101,0 30 0 0 50 0 50,53.25,169.43,True,2024.0,488.7,312.4,"+92.3, +62.3, +42.9",0.0
2026-07-10 11:00:00,4,0,0111101,0 30 30 30 50 0 50,53.15,171.5,True,2153.1,513.8,406.9,"+36.8, +37.1, +51.5",0.0
2026-07-10 11:00:00,5,0,1010101,35 0 30 0 50 0 50,53.12,171.6,True,2025.6,526.7,418.4,"+90.8, +24.2, +63.0",0.0
2026-07-10 11:30:00,1,1,1100101,47 30 0 0 50 0 50,52.94,170.0,True,2180.2,513.5,406.1,"+100.0, +31.5, +100.0",0.0
2026-07-10 11:30:00,2,0,1101101,31 30 0 39 43 0 50,52.72,166.19,True,2118.7,472.9,462.8,"+38.4, +72.1, +43.2",0.0
2026-07-10 11:30:00,3,0,1110101,30 30 40 0 40 0 50,52.59,167.28,True,2157.8,562.8,465.1,"+77.5, +17.8, +41.0",0.0
2026-07-10 11:30:00,4,0,0110101,0 40 50 0 45 0 50,52.43,165.52,True,2146.9,543.9,433.9,"+66.7, +1.1, +72.1",0.0
2026-07-10 11:30:00,5,0,0100111,0 43 0 0 36 33 50,52.06,167.43,True,2033.4,516.9,411.2,"+46.8, +28.1, +94.9",0.0
2026-07-10 12:00:00,1,0,0111101,0 30 50 30 50 0 50,53.29,171.01,True,2216.5,567.3,431.4,"+44.0, +26.2, +100.0",0.0
2026-07-10 12:00:00,2,0,0110111,0 30 49 0 44 30 50,52.77,172.72,True,2174.2,578.7,435.1,"+86.3, +14.8, +96.3",0.0
2026-07-10 12:00:00,3,1,1101101,36 48 0 41 46 0 50,52.53,173.36,True,2295.4,520.8,444.2,"+35.0, +72.7, +87.2",0.0
2026-07-10 12:00:00,4,0,0101111,0 44 0 46 43 31 50,52.28,174.35,True,2224.2,517.0,433.3,"+36.3, +76.5, +98.1",0.0
2026-07-10 12:00:00,5,0,0111111,0 31 49 30 50 30 50,51.79,176.01,True,2165.3,605.4,463.8,"+95.2, +11.9, +67.6",0.0
2026-07-10 12:30:00,1,0,1001111,39 0 0 30 50 30 50,52.51,168.03,True,2215.6,534.1,483.7,"+100.0, +80.3, +61.4",0.0
2026-07-10 12:30:00,2,1,1101111,33 30 0 30 50 30 50,52.16,173.99,True,2244.6,549.5,448.6,"+71.0, +64.9, +96.4",0.0
2026-07-10 12:30:00,3,0,1011111,30 0 37 30 50 30 50,51.6,176.64,True,2392.7,664.6,468.4,"+77.1, +50.2, +76.6",0.0
2026-07-10 12:30:00,4,0,1011011,50 0 30 30 0 37 50,50.87,179.18,True,2394.7,656.0,479.9,"+79.0, +41.6, +65.1",0.0
2026-07-10 12:30:00,5,0,1111111,33 30 30 30 50 38 50,49.94,182.52,True,2237.2,615.0,493.0,"+78.4, +0.6, +52.0",0.0
2026-07-10 13:00:00,1,1,0111101,0 30 49 35 50 0 50,53.31,166.43,True,2220.5,573.2,468.1,"+81.6, +52.2, +70.6",0.0
2026-07-10 13:00:00,2,0,0101111,0 44 0 46 50 36 50,52.13,174.86,True,2245.3,535.6,440.5,"+56.8, +89.8, +98.2",0.0
2026-07-10 13:00:00,3,0,0111111,0 44 30 33 41 30 50,51.53,173.62,True,2224.2,587.3,488.9,"+77.9, +38.2, +49.8",0.0
2026-07-10 13:00:00,4,0,1111101,39 44 42 31 38 0 50,51.43,177.22,True,2393.2,654.3,479.8,"+91.1, +28.9, +58.9",0.0
2026-07-10 13:00:00,5,0,1101111,39 48 0 43 39 33 50,48.98,183.67,True,2357.7,584.6,507.3,"+55.6, +40.8, +31.4",0.0
2026-07-10 13:30:00,1,1,0111101,0 30 43 30 50 0 50,53.31,170.92,True,2193.8,542.7,421.9,"+100.0, +71.7, +45.6",0.0
2026-07-10 13:30:00,2,0,0110101,0 40 47 0 50 0 50,53.07,171.75,True,2199.2,544.5,393.8,"+94.5, +69.9, +73.8",0.0
2026-07-10 13:30:00,3,0,1101101,40 39 0 50 45 0 50,52.55,173.45,True,2281.4,519.1,442.5,"+12.4, +95.4, +25.0",0.0
2026-07-10 13:30:00,4,0,0011111,0 0 33 34 49 37 50,52.4,173.95,True,2206.0,597.0,451.6,"+87.7, +17.5, +16.0",0.0
2026-07-10 13:30:00,5,0,0110111,0 39 37 0 50 42 50,52.26,174.43,True,2206.1,592.6,440.8,"+87.7, +21.9, +26.7",0.0
2026-07-10 14:00:00,1,1,0110101,0 30 30 0 50 0 50,53.44,170.55,True,2107.9,521.7,363.1,"+3.7, +15.8, +44.5",0.0
2026-07-10 14:00:00,2,0,1110101,34 30 30 0 50 0 50,53.25,171.18,True,2195.4,553.7,421.3,"+83.8, +16.2, +13.7",0.0
2026-07-10 14:00:00,3,0,0100101,0 30 0 0 50 0 50,53.25,169.43,True,2024.0,488.7,312.4,"+87.5, +48.9, +95.2",0.0
2026-07-10 14:00:00,4,0,0111101,0 30 30 30 50 0 50,53.15,171.5,True,2153.1,513.8,406.9,"+41.5, +23.7, +0.7",0.0
2026-07-10 14:00:00,5,0,1010101,35 0 30 0 50 0 50,53.12,171.6,True,2025.6,526.7,418.4,"+86.0, +10.8, +10.8",0.0
2026-07-10 14:30:00,1,1,0100101,0 35 0 0 50 0 50,53.38,170.77,True,2080.1,498.5,304.6,"+96.8, +13.0, +38.6",0.0
2026-07-10 14:30:00,2,0,0110101,0 30 30 0 45 0 50,53.25,171.17,True,2074.3,514.4,363.9,"+91.0, +2.9, +97.9",0.0
2026-07-10 14:30:00,3,0,0101101,0 35 0 40 42 0 50,53.09,171.69,False,2069.1,487.9,377.6,"+85.7, +23.6, +111.5",11.5
2026-07-10 14:30:00,4,0,0100111,0 30 0 0 47 31 50,52.84,172.5,True,1985.8,506.1,359.9,"+2.5, +5.4, +93.9",0.0
2026-07-10 14:30:00,5,0,0010101,0 0 36 0 43 0 50,52.25,172.64,True,1915.6,483.0,364.1,"+67.8, +28.5, +98.0",0.0
2026-07-10 15:00:00,1,0,1000110,49 0 0 0 50 36 0,52.51,173.59,False,1957.8,508.5,0.0,"+37.0, +9.3, +158.5",58.5
2026-07-10 15:00:00,2,0,0001100,0 0 0 50 50 0 0,52.48,171.72,False,1881.3,441.1,0.0,"+39.5, +76.7, +158.5",58.5
2026-07-10 15:00:00,3,0,0001110,0 0 0 50 50 30 0,52.43,173.85,False,1845.6,470.5,0.0,"+75.3, +47.3, +158.5",58.5
2026-07-10 15:00:00,4,1,0000101,0 0 0 0 41 0 50,52.18,174.68,False,1820.8,425.4,270.2,"+100.1, +92.4, +111.7",11.8
2026-07-10 15:00:00,5,0,1000100,47 0 0 0 50 0 0,52.05,175.12,False,1985.2,480.6,0.0,"+64.4, +37.2, +158.5",58.5
2026-07-10 15:30:00,1,1,0011100,0 0 47 43 45 0 0,54.16,168.3,True,1909.1,489.9,0.0,"+97.3, +7.2, +0.0",0.0
2026-07-10 15:30:00,2,0,0010100,0 0 50 0 50 0 0,52.36,168.78,True,1910.1,511.0,0.0,"+98.3, +28.2, +0.0",0.0
2026-07-10 15:30:00,3,0,0001100,0 0 0 44 50 0 0,52.31,171.79,True,1885.7,443.2,0.0,"+73.9, +39.5, +0.0",0.0
2026-07-10 15:30:00,4,0,0010110,0 0 49 0 46 35 0,52.08,171.07,True,1765.0,527.8,0.0,"+46.8, +45.1, +0.0",0.0
2026-07-10 15:30:00,5,0,0000100,0 0 0 0 48 0 0,51.81,173.11,True,1841.0,436.9,0.0,"+29.2, +45.8, +0.0",0.0
2026-07-10 16:00:00,1,1,0011100,0 0 46 43 42 0 0,53.55,170.21,True,1787.2,454.5,0.0,"+98.5, +9.3, +0.0",0.0
2026-07-10 16:00:00,2,0,1001100,30 0 0 41 41 0 0,52.12,173.33,True,1769.0,382.6,0.0,"+80.2, +62.6, +0.0",0.0
2026-07-10 16:00:00,3,0,0001100,0 0 0 44 50 0 0,52.11,164.24,True,1780.8,431.0,0.0,"+92.1, +14.2, +0.0",0.0
2026-07-10 16:00:00,4,0,0001110,0 0 0 37 50 37 0,51.67,171.35,True,1689.1,449.7,0.0,"+0.3, +4.6, +0.0",0.0
2026-07-10 16:00:00,5,0,0000100,0 0 0 0 40 0 0,51.33,171.57,True,1746.3,398.0,0.0,"+57.6, +47.2, +0.0",0.0
2026-07-10 16:30:00,1,1,1001100,33 0 0 50 41 0 0,52.68,170.48,True,1758.0,351.1,0.0,"+100.0, +62.8, +0.0",0.0
2026-07-10 16:30:00,2,0,0011100,0 0 45 33 38 0 0,52.02,169.57,True,1627.2,414.2,0.0,"+30.9, +0.4, +0.0",0.0
2026-07-10 16:30:00,3,0,0001100,0 0 0 49 40 0 0,51.85,174.27,True,1734.2,379.8,0.0,"+76.1, +34.0, +0.0",0.0
2026-07-10 16:30:00,4,0,0001110,0 0 0 40 48 30 0,51.59,168.12,True,1585.1,417.9,0.0,"+72.9, +4.0, +0.0",0.0
2026-07-10 16:30:00,5,0,1000110,39 0 0 0 50 37 0,51.49,168.13,True,1753.5,480.2,0.0,"+95.5, +66.4, +0.0",0.0
2026-07-10 17:00:00,1,1,1001100,31 0 0 50 33 0 0,52.24,172.1,True,1649.2,325.6,0.0,"+100.0, +58.7, +0.0",0.0
2026-07-10 17:00:00,2,0,0001100,0 0 0 50 31 0 0,51.68,176.37,True,1640.5,347.8,0.0,"+91.4, +36.4, +0.0",0.0
2026-07-10 17:00:00,3,0,0001110,0 0 0 46 32 37 0,51.62,175.3,True,1593.7,347.6,0.0,"+44.5, +36.7, +0.0",0.0
2026-07-10 17:00:00,4,0,0000100,0 0 0 0 31 0 0,51.04,173.2,True,1640.8,358.4,0.0,"+91.6, +25.8, +0.0",0.0
2026-07-10 17:00:00,5,0,0001010,0 0 0 36 0 39 0,50.98,174.71,True,1475.6,316.8,0.0,"+73.6, +67.5, +0.0",0.0
2026-07-10 17:30:00,1,1,1001100,32 0 0 50 32 0 0,52.26,172.52,True,1653.3,325.0,0.0,"+100.0, +56.3, +0.0",0.0
2026-07-10 17:30:00,2,0,0001100,0 0 0 50 32 0 0,51.7,176.31,True,1649.6,350.7,0.0,"+96.3, +30.6, +0.0",0.0
2026-07-10 17:30:00,3,0,0001110,0 0 0 47 32 38 0,51.65,175.63,True,1616.3,349.4,0.0,"+63.0, +31.9, +0.0",0.0
2026-07-10 17:30:00,4,0,0000100,0 0 0 0 31 0 0,51.04,173.2,True,1640.8,358.4,0.0,"+87.5, +22.9, +0.0",0.0
2026-07-10 17:30:00,5,0,0001000,0 0 0 50 0 0 0,51.0,176.45,True,1454.7,296.0,0.0,"+98.6, +85.3, +0.0",0.0
2026-07-10 18:00:00,1,1,1001100,30 0 0 50 37 0 0,52.33,171.1,True,1668.8,330.8,0.0,"+100.0, +59.7, +0.0",0.0
2026-07-10 18:00:00,2,0,0001100,0 0 0 50 44 0 0,51.81,165.92,True,1650.4,373.7,0.0,"+81.6, +16.9, +0.0",0.0
2026-07-10 18:00:00,3,0,0001110,0 0 0 30 38 34 0,51.44,173.5,True,1488.9,377.8,0.0,"+79.9, +12.8, +0.0",0.0
2026-07-10 18:00:00,4,0,0000110,0 0 0 0 44 35 0,51.36,171.07,True,1571.2,410.6,0.0,"+2.4, +20.0, +0.0",0.0
2026-07-10 18:00:00,5,0,0000100,0 0 0 0 31 0 0,51.04,173.2,True,1640.8,358.4,0.0,"+72.0, +32.1, +0.0",0.0
2026-07-10 18:30:00,1,1,1001100,30 0 0 50 36 0 0,52.3,171.48,True,1662.1,329.8,0.0,"+100.0, +56.7, +0.0",0.0
2026-07-10 18:30:00,2,0,0001100,0 0 0 50 44 0 0,51.81,165.92,True,1650.4,373.7,0.0,"+88.3, +12.8, +0.0",0.0
2026-07-10 18:30:00,3,0,0001110,0 0 0 30 38 34 0,51.44,173.5,True,1488.9,377.8,0.0,"+73.2, +8.7, +0.0",0.0
2026-07-10 18:30:00,4,0,0000100,0 0 0 0 31 0 0,51.04,173.2,True,1640.8,358.4,0.0,"+78.7, +28.1, +0.0",0.0
2026-07-10 18:30:00,5,0,1000110,40 0 0 0 42 39 0,50.99,174.21,True,1625.8,433.3,0.0,"+63.7, +46.8, +0.0",0.0
2026-07-10 19:00:00,1,0,0011100,0 0 41 46 30 0 0,52.44,172.94,True,1613.2,369.6,0.0,"+100.0, +6.3, +0.0",0.0
2026-07-10 19:00:00,2,1,1001100,30 0 0 47 30 0 0,51.73,170.8,True,1589.0,320.1,0.0,"+75.8, +55.7, +0.0",0.0
2026-07-10 19:00:00,3,0,0001100,0 0 0 50 41 0 0,51.69,167.18,True,1601.5,348.7,0.0,"+88.3, +27.2, +0.0",0.0
2026-07-10 19:00:00,4,0,0001110,0 0 0 43 40 33 0,51.59,173.34,True,1554.7,373.2,0.0,"+41.5, +2.6, +0.0",0.0
2026-07-10 19:00:00,5,0,0001000,0 0 0 50 0 0 0,51.05,177.45,True,1469.4,298.8,0.0,"+43.8, +77.1, +0.0",0.0
2026-07-10 19:30:00,1,1,1001100,32 0 0 50 32 0 0,52.23,172.19,True,1647.3,323.2,0.0,"+100.0, +62.6, +0.0",0.0
2026-07-10 19:30:00,2,0,0001100,0 0 0 50 31 0 0,51.68,176.37,True,1640.5,347.8,0.0,"+93.2, +38.0, +0.0",0.0
2026-07-10 19:30:00,3,0,0001110,0 0 0 46 32 37 0,51.62,175.3,True,1593.7,347.6,0.0,"+46.4, +38.2, +0.0",0.0
2026-07-10 19:30:00,4,0,0000100,0 0 0 0 31 0 0,51.04,173.2,True,1640.8,358.4,0.0,"+93.5, +27.4, +0.0",0.0
2026-07-10 19:30:00,5,0,0001010,0 0 0 36 0 39 0,50.98,174.71,True,1475.6,316.8,0.0,"+71.7, +69.1, +0.0",0.0
2026-07-10 20:00:00,1,1,1001100,31 0 0 50 33 0 0,52.25,172.17,True,1650.4,325.9,0.0,"+100.0, +55.8, +0.0",0.0
2026-07-10 20:00:00,2,0,0001100,0 0 0 50 31 0 0,51.68,176.37,True,1640.5,347.8,0.0,"+90.1, +33.9, +0.0",0.0
2026-07-10 20:00:00,3,0,0001110,0 0 0 47 32 38 0,51.65,175.63,True,1616.3,349.4,0.0,"+65.9, +32.3, +0.0",0.0
2026-07-10 20:00:00,4,0,0000100,0 0 0 0 31 0 0,51.04,173.2,True,1640.8,358.4,0.0,"+90.4, +23.3, +0.0",0.0
2026-07-10 20:00:00,5,0,0001000,0 0 0 50 0 0 0,51.0,176.45,True,1454.7,296.0,0.0,"+95.7, +85.7, +0.0",0.0
2026-07-10 20:30:00,1,1,1001100,30 0 0 50 36 0 0,52.29,171.41,True,1660.8,329.4,0.0,"+100.0, +56.0, +0.0",0.0
2026-07-10 20:30:00,2,0,0001100,0 0 0 50 44 0 0,51.81,165.92,True,1650.4,373.7,0.0,"+89.6, +11.7, +0.0",0.0
2026-07-10 20:30:00,3,0,0001110,0 0 0 30 38 34 0,51.44,173.5,True,1488.9,377.8,0.0,"+71.9, +7.6, +0.0",0.0
2026-07-10 20:30:00,4,0,0000100,0 0 0 0 31 0 0,51.04,173.2,True,1640.8,358.4,0.0,"+80.0, +27.0, +0.0",0.0
2026-07-10 20:30:00,5,0,1000110,40 0 0 0 42 39 0,50.99,174.21,True,1625.8,433.3,0.0,"+65.0, +47.9, +0.0",0.0
2026-07-10 21:00:00,1,0,0011100,0 0 46 43 43 0 0,53.77,169.3,True,1824.0,466.0,0.0,"+100.0, +34.5, +0.0",0.0
2026-07-10 21:00:00,2,1,1001100,44 0 0 34 40 0 0,52.26,173.18,True,1800.6,385.5,0.0,"+76.6, +46.0, +0.0",0.0
2026-07-10 21:00:00,3,0,0001100,0 0 0 44 50 0 0,52.11,164.24,True,1780.8,431.0,0.0,"+56.8, +0.5, +0.0",0.0
2026-07-10 21:00:00,4,0,0001110,0 0 0 35 48 42 0,51.87,175.57,True,1757.6,468.6,0.0,"+33.6, +37.1, +0.0",0.0
2026-07-10 21:00:00,5,0,0000100,0 0 0 0 44 0 0,51.58,173.06,True,1808.7,421.7,0.0,"+84.8, +9.9, +0.0",0.0
2026-07-10 21:30:00,1,1,1001100,41 0 0 47 46 0 0,53.35,170.85,True,1969.8,415.3,0.0,"+99.6, +59.2, +0.0",0.0
2026-07-10 21:30:00,2,0,0001100,0 0 0 47 50 0 0,52.52,173.56,True,1897.0,443.9,0.0,"+26.8, +30.6, +0.0",0.0
2026-07-10 21:30:00,3,0,0000100,0 0 0 0 50 0 0,51.96,174.67,True,1859.6,443.8,0.0,"+10.6, +30.6, +0.0",0.0
2026-07-10 21:30:00,4,0,1000110,41 0 0 0 50 31 0,51.93,174.33,True,1915.0,499.7,0.0,"+44.8, +25.3, +0.0",0.0
2026-07-10 21:30:00,5,0,1010100,30 0 36 0 39 0 0,51.87,167.67,True,1870.0,502.0,0.0,"+0.2, +27.5, +0.0",0.0
2026-07-10 22:00:00,1,0,1110100,30 30 30 0 49 0 0,52.78,166.55,True,2142.1,552.7,0.0,"+94.0, +14.1, +0.0",0.0
2026-07-10 22:00:00,2,0,0111100,0 30 37 30 50 0 0,52.76,164.91,True,2097.1,522.7,0.0,"+49.0, +15.9, +0.0",0.0
2026-07-10 22:00:00,3,0,0110100,0 30 40 0 50 0 0,52.65,166.88,True,2065.5,523.8,0.0,"+17.3, +14.8, +0.0",0.0
2026-07-10 22:00:00,4,1,1010100,30 0 35 0 50 0 0,52.52,166.2,True,1962.5,525.0,0.0,"+85.6, +13.6, +0.0",0.0
2026-07-10 22:00:00,5,0,1100100,39 32 0 0 48 0 0,52.21,165.92,True,2088.5,504.8,0.0,"+40.4, +33.8, +0.0",0.0
2026-07-10 22:30:00,1,1,0000110,0 0 0 0 30 50 0,51.01,167.81,False,1278.2,382.0,0.0,"+992.5, +2234.0, +0.0",3026.4
2026-07-10 22:30:00,2,0,0000010,0 0 0 0 0 41 0,50.3,170.15,False,1234.6,304.3,0.0,"+948.9, +2311.7, +0.0",3060.6
2026-07-10 22:30:00,3,0,0000000,0 0 0 0 0 0 0,49.86,171.68,False,1333.7,270.6,0.0,"+1048.0, +2345.4, +0.0",3193.4
2026-07-10 22:30:00,4,0,0010010,0 0 34 0 0 44 0,49.24,175.31,False,1335.0,386.7,0.0,"+1049.3, +2229.2, +0.0",3078.6
2026-07-10 22:30:00,5,0,1000010,32 0 0 0 0 43 0,49.09,174.34,False,1348.9,359.3,0.0,"+1063.2, +2256.7, +0.0",3119.9
2026-07-10 23:00:00,1,0,1101100,50 32 0 30 50 0 0,52.05,159.12,True,2303.7,511.5,0.0,"+19.6, +99.4, +86.2",0.0
2026-07-10 23:00:00,2,1,1110100,34 30 43 0 50 0 0,51.65,160.32,True,2279.1,631.5,0.0,"+44.2, +20.6, +86.2",0.0
2026-07-10 23:00:00,3,0,1111100,50 30 42 30 50 0 0,47.18,175.53,True,2342.9,652.9,0.0,"+19.6, +42.0, +86.2",0.0
2026-07-10 23:00:00,4,0,1101010,39 50 0 30 0 30 0,46.07,179.74,True,2337.8,519.1,0.0,"+14.5, +91.8, +86.2",0.0
2026-07-10 23:00:00,5,0,1101110,50 45 0 30 44 32 0,45.6,179.46,True,2418.1,614.7,0.0,"+94.8, +3.8, +86.2",0.0
2026-07-10 23:30:00,1,1,1110101,30 30 30 0 50 0 50,52.75,155.84,True,2162.2,563.5,493.2,"+31.4, +10.7, +7.1",0.0
2026-07-10 23:30:00,2,0,0110101,0 30 30 0 50 0 50,52.31,158.31,True,2046.1,522.8,429.3,"+84.8, +30.0, +56.9",0.0
2026-07-10 23:30:00,3,0,1100101,30 43 0 0 48 0 50,51.04,156.79,True,2117.8,521.3,443.3,"+13.0, +31.5, +42.8",0.0
2026-07-10 23:30:00,4,0,0111101,0 47 32 30 37 0 50,50.95,160.82,True,2120.7,531.6,520.9,"+10.1, +21.2, +34.8",0.0
2026-07-10 23:30:00,5,0,0101101,0 49 0 30 35 0 50,50.26,157.43,True,2078.3,512.4,454.8,"+52.5, +40.4, +31.4",0.0
2026-07-11 00:00:00,1,1,1110101,30 30 30 0 50 0 50,52.75,155.84,True,2162.2,563.5,493.2,"+3.0, +2.4, +19.6",0.0
2026-07-11 00:00:00,2,0,0110101,0 33 30 0 50 0 50,52.23,158.55,True,2068.5,526.1,430.2,"+96.7, +35.0, +43.3",0.0
2026-07-11 00:00:00,3,0,1100101,38 40 0 0 49 0 50,51.77,159.97,True,2149.0,517.2,441.3,"+16.2, +43.9, +32.3",0.0
2026-07-11 00:00:00,4,0,0111101,0 47 32 30 37 0 50,50.95,160.82,True,2120.7,531.6,520.9,"+44.5, +29.5, +47.4",0.0
2026-07-11 00:00:00,5,0,0101101,0 49 0 30 35 0 50,50.26,157.43,True,2078.3,512.4,454.8,"+86.8, +48.7, +18.8",0.0
