datetime,f1,f2,f3,pressure,level,states_actual,states_opt,states_same,eff_actual,eff_sur_actual,eff_opt,eff_same_state,opt_feasible,opt_violation,opt_pred_total,d_vs_measured,d_vs_surrogate,d_same_state
2026-06-11 02:17:11,2464.0,532.0,0.0,0.3330559702948027,3.272569417953491,1101100,1101100,1101100,53.98509560344458,51.245304107666016,52.63678741455078,52.63678741455078,0,89.8310546875,2793.58642578125,-1.348308188893796,1.3914833068847656,1.3914833068847656
2026-06-11 02:27:11,2304.0,506.0,0.0,0.3313078093061259,3.373408555984497,1101100,1110100,1101100,46.00257515849356,51.02423858642578,53.1147346496582,52.64211654663086,1,0.0,2775.556884765625,7.11215949116464,2.090496063232422,1.6178779602050781
2026-06-11 02:37:11,2336.0,524.0,0.0,0.3316694949654971,3.4545717239379883,1101100,0111100,1101100,52.080267219473534,50.987030029296875,53.02303695678711,52.63136291503906,1,0.0,2816.22265625,0.9427697373135757,2.0360069274902344,1.6443328857421875
2026-06-11 02:47:11,2304.0,512.0,0.0,0.3304269870589761,3.522279977798462,1101100,1110100,1101100,90.0,50.84375,53.06785202026367,52.56647491455078,1,0.0,2777.571044921875,-36.93214797973633,2.224102020263672,1.7227249145507812
2026-06-11 02:57:11,2096.0,442.0,519.5048828125,0.3286618042693418,3.654369115829468,1001101,1100101,,50.83832754633176,53.22245788574219,52.76266098022461,,1,0.0,3114.016845703125,1.9243334338928477,-0.4597969055175781,
2026-06-11 03:07:11,2112.0,432.0,533.9910278320312,0.3268228665753906,3.764467477798462,1001101,1101101,,54.597534209053045,53.06740188598633,52.797889709472656,,1,0.0,3122.3154296875,-1.7996444995803884,-0.2695121765136719,
2026-06-11 03:17:11,2048.0,428.0,511.5124816894531,0.3278667945955313,3.8645832538604736,1001101,1100101,,56.9887994466912,53.213043212890625,52.82931137084961,,1,0.0,3066.3330078125,-4.159488075841594,-0.3837318420410156,
2026-06-11 03:27:11,2008.0,380.0,528.995849609375,0.3256867383508121,3.991029977798462,1001101,1101101,,51.22444526209059,53.04707717895508,52.72316360473633,,1,0.0,3052.778564453125,1.4987183426457378,-0.32391357421875,
2026-06-11 03:37:11,2000.0,390.0,528.995849609375,0.3256817502601474,4.083767414093018,1001101,0100111,,57.07283836857785,52.935081481933594,51.829586029052734,,0,42.2459716796875,2989.7578125,-5.243252339525114,-1.1054954528808594,
2026-06-11 03:47:11,2016.0,382.0,531.992919921875,0.3247654714303857,4.118200302124023,1001101,1001101,1001101,55.75502965843574,52.81198501586914,53.92219543457031,53.92219543457031,1,0.0,2905.07568359375,-1.8328342238654258,1.1102104187011719,1.1102104187011719
2026-06-11 03:57:11,1992.0,390.0,526.4982299804688,0.3236619738270254,4.1053242683410645,1001101,0100111,,48.95814496507624,52.702110290527344,51.704139709472656,,0,42.75152587890625,2985.12158203125,2.7459947443964197,-0.9979705810546875,
2026-06-11 04:07:11,1944.0,388.0,519.5048828125,0.3258115358679902,4.081597328186035,1001101,1100101,,54.5017396165664,52.98794937133789,51.664669036865234,,0,11.1007080078125,2973.04736328125,-2.8370705797011624,-1.3232803344726562,
2026-06-11 04:17:11,2128.0,422.0,0.0,0.321398220389497,4.026330947875977,1001100,0100100,,52.36740681318177,51.22574234008789,52.49665451049805,,1,0.0,2692.52392578125,0.1292476973162735,1.2709121704101562,
2026-06-11 04:27:11,2096.0,448.0,0.0,0.3265795931395361,3.9626736640930176,1001100,0101100,,51.3168883061876,51.88949203491211,52.7149658203125,,1,0.0,2534.53515625,1.3980775141248998,0.8254737854003906,
2026-06-11 04:37:11,2080.0,434.0,0.0,0.3262009002881891,3.9275174140930176,1001100,0101100,,49.01896680878649,51.906822204589844,52.71426010131836,,1,0.0,2534.5009765625,3.695293292531872,0.8074378967285156,
2026-06-11 04:47:11,2080.0,440.0,0.0,0.3276866576718348,3.882957220077514,1001100,0101100,,52.31290617813901,51.981685638427734,52.75297164916992,,1,0.0,2536.6484375,0.44006547103091265,0.7712860107421875,
2026-06-11 04:57:11,2112.0,444.0,0.0,0.3270405900712106,3.812355279922485,1001100,0101100,,51.20502076170992,51.93037033081055,52.75387191772461,,1,0.0,2536.69775390625,1.5488511560146918,0.8235015869140625,
2026-06-11 05:07:11,2176.0,458.0,0.0,0.3289518544954412,3.761284828186035,1001100,0111100,,57.85761677361744,51.874881744384766,53.023624420166016,,1,0.0,2740.340576171875,-4.833992353451421,1.14874267578125,
2026-06-11 05:17:11,2000.0,402.0,0.0,0.3276958847045897,3.804542779922485,1001100,0011100,1001100,53.03794821349469,52.03573226928711,54.0815315246582,53.385921478271484,0,11.75067138671875,2534.4091796875,1.0435833111635162,2.0457992553710938,1.350189208984375
2026-06-11 05:27:11,2048.0,418.0,0.0,0.3258498359427732,3.819444417953491,1001100,0101100,,51.3437989730314,51.959163665771484,52.728797912597656,,1,0.0,2535.254638671875,1.384998939566259,0.7696342468261719,
2026-06-11 05:37:11,2176.0,466.0,0.0,0.3281178505280439,3.7799479961395264,1001100,0111100,,53.9946983700692,51.899662017822266,53.02445602416992,,1,0.0,2755.099609375,-0.9702423458992797,1.1247940063476562,
2026-06-11 05:47:11,1992.0,422.0,0.0,0.3287930034422407,3.799623727798462,1001100,1001100,1001100,51.60483472151962,52.150543212890625,53.409854888916016,53.409854888916016,1,0.0,2462.505859375,1.8050201673963926,1.2593116760253906,1.2593116760253906
2026-06-11 05:57:11,2080.0,444.0,0.0,0.3293334253161561,3.700231552124024,1001100,0101100,,50.918453073493886,52.20203399658203,52.81955337524414,,1,0.0,2541.676513671875,1.9011003017502546,0.6175193786621094,
2026-06-11 06:07:11,1992.0,418.0,0.0,0.3293334206412819,3.619068384170532,1001100,1001100,1001100,51.15527419652315,52.22507858276367,53.44174575805664,53.44174575805664,1,0.0,2459.932861328125,2.2864715615334887,1.2166671752929688,1.2166671752929688
2026-06-11 06:17:11,2080.0,418.0,0.0,0.3290859024197448,3.581597328186035,1001100,0101100,,50.356061066050565,52.25075149536133,52.836952209472656,,1,0.0,2543.276123046875,2.4808911434220917,0.5862007141113281,
2026-06-11 06:27:11,2160.0,464.0,0.0,0.3320567194620767,3.496238470077514,1001100,0111100,,54.27059112047973,52.243011474609375,53.1278190612793,,1,0.0,2758.841796875,-1.142772059200432,0.8848075866699219,
2026-06-11 06:37:11,1960.0,380.0,0.0,0.3198720195012933,3.510561227798462,0101110,0011100,,41.095451000245966,47.83877944946289,53.33766174316406,,1,0.0,2372.89794921875,12.242210742918097,5.498882293701172,
2026-06-11 06:47:11,2176.0,560.0,0.0,0.3297688600362515,3.3828125,1100010,1110100,,52.24577503998803,48.16511917114258,53.12313461303711,,1,0.0,2732.95703125,0.8773595730490769,4.958015441894531,
2026-06-11 06:57:11,2080.0,544.0,0.0,0.3206251884675493,3.315682888031006,1100010,1110100,,45.187445604869325,44.8682975769043,52.911624908447266,,1,0.0,2716.124267578125,7.724179303577941,8.043327331542969,
2026-06-11 07:07:11,1840.0,516.0,0.0,0.3182735140884623,3.2825520038604736,1100010,0011100,,44.82182234565896,46.562538146972656,53.891170501708984,,1,0.0,2437.869873046875,9.069348156050026,7.328632354736328,
2026-06-11 07:17:11,1896.0,516.0,0.0,0.3162246342266306,3.3181424140930176,1100010,1001100,,45.59179875031877,46.31025695800781,53.219966888427734,,1,0.0,2414.680908203125,7.628168138108961,6.909709930419922,
2026-06-11 07:27:11,1920.0,544.0,0.0,0.3282504737844654,3.379050970077514,1100010,1001100,,42.82066812418887,48.186439514160156,53.20205307006836,,0,37.34844970703125,2332.50634765625,10.38138494587949,5.015613555908203,
2026-06-11 07:37:11,2112.0,560.0,0.0,0.3338800740475747,3.284432888031006,1100010,1110100,,50.09431398078533,48.24360656738281,53.21617126464844,,1,0.0,2741.33642578125,3.1218572838631076,4.972564697265625,
2026-06-11 07:47:11,1952.0,524.0,0.0,0.3301844388129664,3.237123727798462,1100010,1001100,,50.49651490239142,48.841224670410156,53.44670486450195,,1,0.0,2478.745849609375,2.950189962110535,4.605480194091797,
2026-06-11 07:57:11,1872.0,508.0,0.0,0.3346630260523627,3.2340855598449707,1100010,0011100,,47.61002563034082,48.829063415527344,54.41435623168945,,1,0.0,2477.490966796875,6.8043306013486315,5.585292816162109,
2026-06-11 08:07:11,2024.0,528.0,0.0,0.3266533474594938,3.217303276062012,1100010,1011100,,49.82892383006401,48.821571350097656,53.173912048339844,,1,0.0,2628.337890625,3.3449882182758373,4.3523406982421875,
2026-06-11 08:17:11,2008.0,532.0,0.0,0.3258002004670161,3.189959526062012,1100010,0011100,,48.67992813576949,48.799625396728516,54.42877197265625,,1,0.0,2571.13232421875,5.748843836886763,5.629146575927734,
2026-06-11 08:27:11,2144.0,568.0,0.0,0.3364927466476665,3.135995388031006,1100010,1110100,,50.47728686872375,48.70198059082031,53.31415557861328,,1,0.0,2749.37548828125,2.8368687098895293,4.612174987792969,
2026-06-11 08:37:11,2080.0,548.0,0.0,0.3383146672155342,3.138310194015503,1100010,1110100,,47.07101482190698,48.950618743896484,53.3169059753418,,1,0.0,2745.876708984375,6.245891153434819,4.3662872314453125,
2026-06-11 08:47:11,2040.0,540.0,0.0,0.3340367910207486,3.18359375,1100010,0011100,,52.35878835455567,48.79750061035156,54.42571258544922,,1,0.0,2547.821044921875,2.066924230893548,5.628211975097656,
2026-06-11 08:57:11,1992.0,536.0,0.0,0.337357252999848,3.235966444015503,1100010,0011100,,59.634374123049625,48.86065673828125,54.559654235839844,,1,0.0,2576.158935546875,-5.074719887209781,5.698997497558594,
2026-06-11 09:07:13,2096.0,400.0,0.0,0.2905645231873381,3.338252305984497,1001000,1001100,,41.7356051750654,46.107582092285156,52.149539947509766,,0,49.273681640625,2342.05126953125,10.413934772444364,6.041957855224609,
2026-06-11 09:17:13,2256.0,492.0,0.0,0.3346183517867444,3.3603878021240234,1001100,1110100,,54.52452373985961,51.97569274902344,52.537410736083984,,0,38.046875,2678.29150390625,-1.987113003775626,0.5617179870605469,
2026-06-11 09:27:13,2224.0,474.0,0.0,0.334209833238639,3.394675970077514,1001100,0101100,,53.04275020628791,51.663978576660156,52.948341369628906,,1,0.0,2633.39501953125,-0.09440883665900657,1.28436279296875,
2026-06-11 09:37:13,2288.0,500.0,0.0,0.3298511313924602,3.4260706901550293,1001100,1110100,,54.53008117515711,51.823570251464844,53.09451675415039,,1,0.0,2759.049072265625,-1.4355644210067169,1.2709465026855469,
2026-06-11 09:47:13,2304.0,490.0,0.0,0.329375257842681,3.4635417461395264,1001100,1110100,,49.7888639519712,51.77036666870117,53.05628967285156,,1,0.0,2778.1337890625,3.267425720880361,1.2859230041503906,
2026-06-11 09:57:13,2320.0,512.0,0.0,0.329857515517403,3.4955151081085205,1001100,1110100,,53.67416933867709,51.784202575683594,53.03347396850586,,1,0.0,2798.3662109375,-0.6406953701712297,1.2492713928222656,
2026-06-11 10:07:13,2368.0,540.0,0.0,0.3296880080886916,3.5091145038604736,1001100,1110100,,54.66251509089051,51.749229431152344,52.01705551147461,,0,18.77734375,2858.40673828125,-2.645459579415899,0.2678260803222656,
2026-06-11 10:17:13,2256.0,480.0,0.0,0.3271880805959888,3.5611979961395264,1001100,1100100,,47.05760979781603,51.47995376586914,52.62778854370117,,1,0.0,2674.008056640625,5.570178745885144,1.1478347778320312,
2026-06-11 10:27:13,2176.0,490.0,0.0,0.3265597482989815,3.610532522201538,1001100,1110100,,48.88597443009811,51.335391998291016,52.98686981201172,,1,0.0,2720.134033203125,4.10089538191361,1.6514778137207031,
2026-06-11 10:37:13,2240.0,488.0,0.0,0.3291241890542647,3.644097328186035,1001100,0101100,,48.932867835885055,51.62879180908203,52.734683990478516,,1,0.0,2641.077392578125,3.8018161545934603,1.1058921813964844,
2026-06-11 10:47:13,2080.0,588.0,0.0,0.298558561404546,3.732928276062012,0001110,1110100,,46.85761926927616,44.38154983520508,52.52741622924805,,1,0.0,2687.192626953125,5.66979695997189,8.145866394042969,
2026-06-11 10:57:13,1896.0,500.0,480.5420227050781,0.3343240100262212,3.799913167953491,0001111,0101111,,52.50597110635694,51.88784408569336,52.69368362426758,,1,0.0,2887.805419921875,0.18771251791064003,0.8058395385742188,
2026-06-11 11:07:13,2000.0,448.0,524.5000610351562,0.3252803626481224,3.881221055984497,0001111,0111101,,50.72529770809806,51.558815002441406,53.27191925048828,,1,0.0,3147.743408203125,2.54662154239022,1.713104248046875,
2026-06-11 11:17:13,2024.0,466.0,499.0244140625,0.3278164280863369,3.895544052124024,0001111,0011101,0001111,50.77399351221585,51.69036865234375,54.49581527709961,51.37903594970703,1,0.0,3041.370849609375,3.7218217648837566,2.8054466247558594,-0.31133270263671875
2026-06-11 11:27:13,1992.0,490.0,500.5229187011719,0.3272100717881146,3.909432888031006,0001111,0010101,,53.14966132720527,51.559757232666016,53.07078170776367,,1,0.0,2854.701171875,-0.07887961944160082,1.5110244750976562,
2026-06-11 11:37:13,2032.0,458.0,507.0167846679688,0.3253058915512234,3.908130884170532,0001111,0011101,0001111,53.48004137835208,51.4737663269043,54.40375518798828,51.09706497192383,1,0.0,3079.697265625,0.9237138096362045,2.9299888610839844,-0.37670135498046875
2026-06-11 11:47:13,2024.0,510.0,480.04248046875,0.3270994543328004,3.876446723937988,0001111,0110101,,50.020368179245054,51.374107360839844,53.21913146972656,,1,0.0,3003.8369140625,3.1987632904815086,1.8450241088867188,
2026-06-11 11:57:13,2024.0,488.0,497.52581787109375,0.3286121652874291,3.880787134170532,0001111,0011101,0001111,54.296867274916025,51.66314697265625,54.53347396850586,51.484676361083984,1,0.0,3033.6845703125,0.23660669358983455,2.8703269958496094,-0.17847061157226562
2026-06-11 12:07:13,2040.0,506.0,494.0291137695313,0.3278866511232712,3.862557888031006,0001111,0010101,,50.567330412324864,51.5059928894043,53.114994049072266,,1,0.0,2858.197509765625,2.5476636367474015,1.6090011596679688,
2026-06-11 12:17:13,1992.0,556.0,520.5039672851562,0.3269682510693868,3.819733858108521,0001111,0110101,,46.08720926251058,49.37968444824219,52.7626838684082,,1,0.0,3076.31640625,6.675474605897627,3.3829994201660156,
2026-06-11 12:27:13,2024.0,556.0,511.5124816894531,0.3269448539088753,3.774160861968994,0001111,0011101,,51.57419861975433,49.510616302490234,54.50917434692383,,1,0.0,3038.8232421875,2.934975727169501,4.998558044433594,
2026-06-11 12:37:13,2080.0,568.0,543.4819946289062,0.3237747487367368,3.728587865829468,0001111,0111101,,52.2841816739284,48.388946533203125,53.274635314941406,,1,0.0,3176.4560546875,0.9904536410130049,4.885688781738281,
2026-06-11 12:47:13,2128.0,576.0,604.9234619140625,0.3106056745613322,3.6809895038604736,0001111,0111101,,46.37465191944739,46.651756286621094,53.24024963378906,,1,0.0,3175.832275390625,6.865597714341675,6.588493347167969,
2026-06-11 12:57:13,2560.0,564.0,543.9815063476562,0.3210826307418299,3.471932888031006,1001011,0111101,,51.750154193702215,48.001136779785156,52.25322341918945,,0,132.325927734375,3427.378173828125,0.5030692254872378,4.252086639404297,
2026-06-11 13:07:13,2608.0,584.0,506.5172424316406,0.33230991414949,3.2748842239379883,1001011,0111101,,54.19406559367575,50.52403259277344,52.865638732910156,,0,216.559326171875,3274.29931640625,-1.328426860765596,2.3416061401367188,
2026-06-11 13:17:13,2656.0,584.0,503.0205383300781,0.3328453549450518,3.1501736640930176,1001011,0110101,,51.2682472364772,50.613040924072266,52.814945220947266,,0,405.5342712402344,3087.423095703125,1.5466979844700646,2.201904296875,
2026-06-11 13:27:13,2544.0,560.0,491.0320129394531,0.3350594734911825,3.086660861968994,1001011,0111101,,50.77042349234326,50.553810119628906,53.26495361328125,,0,133.78662109375,3270.866455078125,2.4945301209379878,2.7111434936523438,
2026-06-11 13:37:13,2528.0,548.0,499.5239562988281,0.332868751521204,3.0260417461395264,1001011,0111101,,45.01142731897219,50.48925018310547,53.171775817871094,,0,116.83984375,3264.931396484375,8.160348498898905,2.682525634765625,
2026-06-11 13:47:13,2512.0,556.0,510.0138854980469,0.3345339481035868,2.966869115829468,1001011,0111101,,51.60557415343023,50.5321044921875,53.292049407958984,,0,103.72500610351562,3269.667236328125,1.6864752545287516,2.7599449157714844,
2026-06-11 13:57:13,2384.0,528.0,469.5524597167969,0.3368948565277398,3.083912134170532,1001011,1101101,,48.080609963920736,50.120304107666016,53.36980056762695,,1,0.0,3222.04736328125,5.289190603706217,3.2494964599609375,
2026-06-11 14:07:13,2304.0,494.0,478.54388427734375,0.3332921501935696,3.2447917461395264,1001011,0111101,,51.9725568363322,48.991878509521484,53.468894958496094,,1,0.0,3181.7080078125,1.4963381221638912,4.477016448974609,
2026-06-11 14:17:13,2336.0,500.0,494.5286560058594,0.3325467847609052,3.280237197875977,1001011,0111101,,52.662206724616375,49.16469192504883,53.392303466796875,,1,0.0,3223.940185546875,0.7300967421804998,4.227611541748047,
2026-06-11 14:27:13,2224.0,466.0,471.550537109375,0.3342219131133135,3.301215171813965,1001011,0111101,,47.86200596231208,48.576332092285156,53.478885650634766,,1,0.0,3179.62353515625,5.616879688322683,4.902553558349609,
2026-06-11 14:37:13,2096.0,504.0,485.5372314453125,0.3320077799582014,3.349971055984497,0001111,0011101,,52.44550711855547,51.67654037475586,54.65694046020508,,1,0.0,3017.767333984375,2.2114333416496095,2.9804000854492188,
2026-06-11 14:47:13,2008.0,422.0,477.544921875,0.3318255340819265,3.423900365829468,0001111,1100101,,53.89416439728756,52.0030403137207,53.146827697753906,,0,0.000244140625,2993.4921875,-0.7473366995336548,1.1437873840332031,
2026-06-11 14:57:13,1968.0,394.0,481.5410461425781,0.3318446829505995,3.4920427799224854,0001111,0111001,,47.013584454819,52.00340270996094,52.335357666015625,,1,0.0,2805.207275390625,5.3217732111966285,0.3319549560546875,
2026-06-11 15:07:13,2048.0,488.0,0.0,0.3309141971784479,3.5205440521240234,0001110,1110100,,53.6218841075775,50.701839447021484,52.97145080566406,,1,0.0,2705.7724609375,-0.6504333019134378,2.269611358642578,
2026-06-11 15:17:13,2064.0,494.0,0.0,0.3304801701798158,3.564814805984497,0001110,0111100,,54.01611760575267,50.707332611083984,53.010162353515625,,1,0.0,2712.699951171875,-1.0059552522370439,2.3028297424316406,
2026-06-11 15:27:13,2048.0,486.0,0.0,0.3323176983992258,3.6171875,0001110,1110100,,48.0122589005583,50.88811111450195,52.98493957519531,,1,0.0,2705.833740234375,4.972680674637012,2.0968284606933594,
2026-06-11 15:37:13,2032.0,416.0,0.0,0.3288547082742055,3.715856552124024,0001110,1001100,,52.804683479273486,50.568565368652344,53.14755630493164,,0,13.8377685546875,2321.317626953125,0.342872825658155,2.578990936279297,
2026-06-11 15:47:13,1984.0,404.0,0.0,0.3281660759449004,3.804542779922485,0001110,1001100,,48.81085945624852,50.27528381347656,53.39896011352539,,1,0.0,2433.527587890625,4.588100657276868,3.123676300048828,
2026-06-11 15:57:13,1928.0,360.0,0.0,0.3170685968445796,3.925636529922485,0001010,1001100,,51.70247354329409,47.98319625854492,53.097434997558594,,1,0.0,2384.3974609375,1.3949614542645037,5.114238739013672,
2026-06-11 16:07:13,1888.0,362.0,0.0,0.3296284472708608,3.987413167953491,0001010,0011100,,45.81011335766763,49.24589538574219,53.66759490966797,,1,0.0,2319.969970703125,7.857481552000337,4.421699523925781,
2026-06-11 16:17:13,1848.0,362.0,0.0,0.3269483951260061,3.991464138031006,0001010,1001100,,55.78734073388356,49.24911880493164,53.27397155761719,,1,0.0,2358.449462890625,-2.513369176266373,4.024852752685547,
2026-06-11 16:27:13,1672.0,348.0,0.0,0.3193443898359934,4.007089138031006,0001010,0000100,0001010,49.80521702079856,49.0577392578125,51.68671798706055,50.603214263916016,0,42.6151123046875,2251.240234375,1.8815009662619886,2.628978729248047,1.5454750061035156
2026-06-11 16:37:13,1664.0,348.0,0.0,0.3153537577741285,3.989872694015503,0001010,0101010,0001010,41.98975820248103,48.339073181152344,50.10245132446289,48.75188064575195,1,0.0,1899.0028076171875,8.112693121981863,1.7633781433105469,0.4128074645996094
2026-06-11 16:47:13,1640.0,332.0,0.0,0.3180281287782331,3.964265108108521,0001010,0001100,0001010,58.10558349724484,48.54600524902344,52.16373825073242,50.56644821166992,1,0.0,2162.520263671875,-5.941845246512415,3.6177330017089844,2.0204429626464844
2026-06-11 16:57:13,1632.0,338.0,0.0,0.3210315594953649,3.94198489189148,0001010,0001100,0001010,45.072954311254286,49.900856018066406,51.130943298339844,50.69057846069336,0,24.5263671875,1836.025390625,6.057988987085558,1.2300872802734375,0.7897224426269531
2026-06-11 17:07:13,1648.0,354.0,0.0,0.3170338210405087,3.91073489189148,0001010,0001110,0001010,45.23470250389442,48.463539123535156,51.683837890625,50.54705047607422,1,0.0,2015.3211669921875,6.449135386730582,3.2202987670898438,2.0835113525390625
2026-06-11 17:17:13,1664.0,330.0,0.0,0.3160090564980226,3.893518447875977,0001010,0000100,0001010,48.65067381033952,48.409645080566406,51.65053176879883,50.509193420410156,0,50.074737548828125,2244.07470703125,2.999857958459309,3.240886688232422,2.09954833984375
2026-06-11 17:27:13,1760.0,364.0,0.0,0.3114978549994674,3.86299180984497,0001010,0011100,,47.15325125474669,48.410919189453125,52.73417282104492,,0,0.784759521484375,2257.132568359375,5.58092156629823,4.323253631591797,
2026-06-11 17:37:13,1696.0,356.0,0.0,0.3172763687021591,3.826967477798462,0001010,0000100,0001010,50.26657086840677,48.96017837524414,51.6824951171875,50.5912971496582,0,17.7716064453125,2250.265380859375,1.4159242487807333,2.7223167419433594,1.6311187744140625
2026-06-11 17:47:13,1600.0,330.0,0.0,0.3196649512122658,3.8268229961395264,0001010,0011100,0001010,47.63394021647159,49.7719612121582,52.804500579833984,50.310176849365234,1,0.0,2121.66064453125,5.170560363362391,3.0325393676757812,0.5382156372070312
2026-06-11 17:57:13,1560.0,322.0,0.0,0.3180891183544608,3.817852973937988,0001010,0001100,0001010,50.42212778070365,48.872718811035156,52.040855407714844,50.48564910888672,1,0.0,2072.3955078125,1.6187276270111965,3.1681365966796875,1.6129302978515625
2026-06-11 18:07:13,1600.0,334.0,0.0,0.3170643386186337,3.815393447875977,0001010,0001110,0001010,51.64836822695683,48.549339294433594,51.73792266845703,50.72265625,1,0.0,2030.8843994140625,0.08955444150019787,3.1885833740234375,2.1733169555664062
2026-06-11 18:17:13,1544.0,330.0,0.0,0.3236137636035096,3.785590171813965,0001010,0011100,0001010,43.2213811820985,50.24436569213867,52.631675720214844,50.71311950683594,1,0.0,2047.66650390625,9.410294538116347,2.387310028076172,0.4687538146972656
2026-06-11 18:27:13,1528.0,320.0,0.0,0.3173884447181925,3.793402671813965,0001010,0001100,0001010,49.40214604757264,48.68613052368164,51.989662170410156,49.83700180053711,1,0.0,2035.7119140625,2.5875161228375134,3.3035316467285156,1.1508712768554688
2026-06-11 18:37:13,1592.0,330.0,0.0,0.314076490425596,3.769675970077514,0001010,0001100,0001010,50.84421539365779,48.39412307739258,52.10106658935547,50.37638854980469,1,0.0,2108.443115234375,1.2568511956976778,3.7069435119628906,1.9822654724121094
2026-06-11 18:47:13,1664.0,334.0,0.0,0.3193614122213101,3.747106552124024,0001010,0000100,0001010,49.265409875588446,49.973445892333984,51.71821594238281,50.69932174682617,0,59.63494873046875,2257.635009765625,2.4528060667943663,1.7447700500488281,0.7258758544921875
2026-06-11 18:57:13,1576.0,328.0,0.0,0.2959834864794038,3.741029977798462,0001010,0001100,0001010,47.46649487660863,47.560646057128906,51.77376174926758,48.05451202392578,1,0.0,1979.53662109375,4.30726687265895,4.213115692138672,0.493865966796875
2026-06-11 19:07:13,1440.0,310.0,0.0,0.3011499744303086,3.741608858108521,0001010,0001100,0001010,48.82770381643514,47.66255569458008,51.78947067260742,48.443199157714844,1,0.0,1919.5986328125,2.9617668561722823,4.126914978027344,0.7806434631347656
2026-06-11 19:17:13,1376.0,312.0,0.0,0.2964210599544001,3.766493082046509,0001010,0001100,,46.35823795913304,46.92787170410156,51.57439041137695,,1,0.0,1813.3272705078125,5.216152452243911,4.646518707275391,
2026-06-11 19:27:13,1408.0,318.0,0.0,0.2975224474364635,3.775897026062012,0001010,0001100,0001010,43.252704329940194,47.043975830078125,51.70418167114258,50.023983001708984,1,0.0,1869.615966796875,8.451477341202384,4.660205841064453,2.9800071716308594
2026-06-11 19:37:13,1384.0,320.0,0.0,0.296547294995364,3.783130884170532,0001010,0001100,,39.01465166310105,46.9821662902832,51.63497543334961,,1,0.0,1836.1375732421875,12.620323770248561,4.652809143066406,
2026-06-11 19:47:13,1384.0,308.0,0.0,0.3001400900120828,3.778211832046509,0001010,0001100,,47.05110088579915,47.380977630615234,51.65791320800781,,1,0.0,1843.7021484375,4.606812322208661,4.276935577392578,
2026-06-11 19:57:13,1384.0,312.0,0.0,0.299181261062622,3.787471055984497,0001010,0001100,,47.01166779161293,47.212669372558594,51.65791320800781,,1,0.0,1843.7025146484375,4.646245416394883,4.445243835449219,
2026-06-11 20:07:13,1544.0,326.0,0.0,0.2964884359930075,3.770688772201538,0001010,0001100,0001010,51.36825205095901,47.42144775390625,51.780906677246094,48.07018280029297,1,0.0,1982.4725341796875,0.41265462628708605,4.359458923339844,0.6487350463867188
2026-06-11 20:17:13,1512.0,328.0,0.0,0.2991153044326632,3.75361680984497,0001010,0000100,0001010,46.35634589449231,47.58185958862305,51.167572021484375,48.69038772583008,0,81.0235595703125,2097.73828125,4.811226126992068,3.585712432861328,1.1085281372070312
2026-06-11 20:27:13,1520.0,318.0,0.0,0.2963955368948918,3.76171875,0001010,0001100,0001010,50.47340328646228,47.36278533935547,51.780738830566406,48.069820404052734,1,0.0,1982.4039306640625,1.3073355441041272,4.4179534912109375,0.7070350646972656
2026-06-11 20:37:13,1456.0,326.0,0.0,0.2948813919226328,3.772279977798462,0001010,0001100,,54.09510650367898,47.07504653930664,51.714149475097656,,1,0.0,1951.3994140625,-2.380957028581321,4.639102935791016,
2026-06-11 20:47:13,1472.0,312.0,0.0,0.2979890974596434,3.7578125,0001010,0001100,0001010,49.25390258109088,47.30801773071289,51.819095611572266,49.73740005493164,1,0.0,1966.910888671875,2.565193030481389,4.511077880859375,2.42938232421875
2026-06-11 20:57:13,1560.0,320.0,0.0,0.3313872471042707,3.726851940155029,0001010,1001100,0001010,48.10141109564838,50.69826126098633,52.29023361206055,50.846500396728516,1,0.0,1989.20751953125,4.188822516412166,1.5919723510742188,0.1482391357421875
2026-06-11 21:07:13,1560.0,334.0,0.0,0.3279916254211874,3.696903944015503,0001010,1001100,0001010,52.32334096548723,50.59162139892578,52.29023361206055,50.738155364990234,1,0.0,1989.20751953125,-0.03310735342668636,1.6986122131347656,0.14653396606445312
2026-06-11 21:17:13,1696.0,350.0,0.0,0.324255584081014,3.620515108108521,0001010,0000110,0001010,51.22208702772208,50.328224182128906,51.60652160644531,50.91730499267578,1,0.0,2164.452392578125,0.38443457872322995,1.2782974243164062,0.589080810546875
2026-06-11 21:27:13,1776.0,350.0,0.0,0.3293156759879168,3.536024332046509,0001010,0000100,,46.33328062573718,50.22988510131836,51.973350524902344,,1,0.0,2305.368408203125,5.640069899165162,1.7434654235839844,
2026-06-11 21:37:13,1904.0,364.0,0.0,0.3260831559873094,3.4451677799224854,0001010,1001100,,45.67994575465203,49.211936950683594,53.41385269165039,,1,0.0,2425.158447265625,7.733906936998359,4.201915740966797,
2026-06-11 21:47:13,1800.0,350.0,0.0,0.3346544949914894,3.397279977798462,0001010,0001100,0001010,51.27872199626011,50.356327056884766,52.20293426513672,51.04490661621094,1,0.0,2346.05126953125,0.9242122688766088,1.8466072082519531,0.6885795593261719
2026-06-11 21:57:13,1904.0,360.0,0.0,0.3295383630313124,3.3436052799224854,0001110,1001100,,47.67161038289483,49.5352668762207,53.41413879394531,,1,0.0,2425.73046875,5.742528411050479,3.8788719177246094,
2026-06-11 22:07:13,2024.0,424.0,0.0,0.3326758492694181,3.2744503021240234,0001110,1001100,,53.41824970078438,50.880088806152344,53.438018798828125,,1,0.0,2506.49072265625,0.019769098043745714,2.5579299926757812,
2026-06-11 22:17:13,2040.0,506.0,0.0,0.333421211195927,3.216869115829468,0001110,0011100,,57.19977870006298,50.13677215576172,54.423553466796875,,1,0.0,2546.9736328125,-2.7762252332661035,4.286781311035156,
2026-06-11 22:27:13,1976.0,548.0,0.0,0.3337190883299883,3.1717302799224854,0001110,0011100,,50.348220278333365,48.473636627197266,53.15475082397461,,0,12.1824951171875,2348.42041015625,2.8065305456412446,4.681114196777344,
2026-06-11 22:37:13,2008.0,552.0,0.0,0.3336758323043,3.128182888031006,0001110,0110100,,51.05972157358969,48.50553512573242,53.10231018066406,,1,0.0,2640.18017578125,2.0425886070743715,4.596775054931641,
2026-06-11 22:47:13,1992.0,560.0,0.0,0.3324219568570454,3.101128578186035,0001110,0101100,,44.9135874920269,48.31355285644531,53.00570297241211,,1,0.0,2552.181396484375,8.09211548038521,4.692150115966797,
2026-06-11 22:57:13,1992.0,572.0,0.0,0.3302801866624869,3.120370388031006,0001110,0101100,,47.551259073956494,48.10908508300781,52.955318450927734,,1,0.0,2550.2373046875,5.40405937697124,4.846233367919922,
2026-06-11 23:07:13,1984.0,568.0,0.0,0.3250555432777778,3.125723361968994,0001110,0011100,,46.58002585021347,47.855804443359375,54.425392150878906,,1,0.0,2571.78369140625,7.8453663006654395,6.569587707519531,
2026-06-11 23:17:13,2032.0,588.0,0.0,0.3145417222088458,3.124566078186035,0001110,0011100,,52.657104205943575,47.09502410888672,53.97208023071289,,1,0.0,2513.36572265625,1.3149760247693152,6.877056121826172,
2026-06-11 23:27:13,2272.0,620.0,0.0,0.3304986119737811,3.0759549140930176,0101110,0011110,0101110,49.8901711665802,48.33214569091797,53.48469161987305,52.29109191894531,1,0.0,2778.40185546875,3.5945204532928443,5.152545928955078,3.9589462280273438
2026-06-11 23:37:13,2096.0,584.0,0.0,0.3357665306680342,3.010850667953491,0101110,1110100,0101110,49.7740304071766,51.21528244018555,53.324493408203125,52.03209686279297,1,0.0,2749.919677734375,3.5504630010265217,2.109210968017578,0.8168144226074219
2026-06-11 23:47:13,1984.0,560.0,0.0,0.3300341065490946,2.979455947875977,0001110,0101100,0001110,46.79071687953265,48.17873001098633,52.978580474853516,51.599449157714844,1,0.0,2551.33349609375,6.187863595320863,4.7998504638671875,3.4207191467285156
2026-06-11 23:57:13,1920.0,536.0,482.04052734375,0.3382472958518009,3.016058921813965,0001111,1000101,,51.98109402014104,51.47379684448242,53.12311553955078,,0,3.0517578125e-05,2886.408935546875,1.142021519409738,1.6493186950683594,
2026-06-12 00:07:13,1928.0,524.0,486.5362854003906,0.3359587316887051,3.0244503021240234,0001111,1001101,,51.96610133726798,51.488380432128906,53.66970443725586,,1,0.0,2879.512939453125,1.7036030999878804,2.181324005126953,
2026-06-12 00:17:13,1984.0,528.0,501.5220031738281,0.3347942158755133,3.0177950859069824,0001111,0101101,,47.640369647924814,51.38804244995117,53.00856018066406,,0,13.188079833984375,2927.50048828125,5.3681905327392485,1.6205177307128906,
2026-06-12 00:27:13,1984.0,520.0,496.52679443359375,0.3348672584458892,3.0287904739379883,0001111,1001101,,53.59539404716164,51.561458587646484,53.89584732055664,,1,0.0,2970.885986328125,0.30045327339500005,2.3343887329101562,
2026-06-12 00:37:13,1968.0,504.0,478.54388427734375,0.3338410698198804,3.159288167953491,0001111,0101101,,50.03038669519916,51.74456024169922,53.209930419921875,,0,19.903289794921875,2933.157470703125,3.1795437247227127,1.4653701782226562,
2026-06-12 00:47:13,1960.0,520.0,499.0244140625,0.3330616531886305,3.205584526062012,0001111,0011101,,49.69074640486637,51.41876220703125,54.66337585449219,,1,0.0,2997.1162109375,4.9726294496258205,3.2446136474609375,
2026-06-12 00:57:13,2000.0,498.0,482.04052734375,0.335580014294269,3.240162134170532,0001111,0101101,,54.1896910848054,51.822181701660156,53.246055603027344,,1,0.0,2970.3720703125,-0.9436354817780597,1.4238739013671875,
2026-06-12 01:07:13,1992.0,466.0,490.0329284667969,0.3324772746422711,3.2947049140930176,0001111,0101101,,50.80104104948426,52.01694869995117,53.12080764770508,,1,0.0,2969.96630859375,2.3197665982208164,1.1038589477539062,
2026-06-12 01:17:13,2016.0,486.0,491.5315551757813,0.3330134160845887,3.3359375,0001111,1010101,,57.75385398613696,52.010902404785156,53.28192138671875,,1,0.0,2957.984375,-4.47193259941821,1.2710189819335938,
2026-06-12 01:27:13,1960.0,512.0,496.0272521972656,0.3320390057797525,3.3541667461395264,0001111,1100101,,52.51250926391708,51.67045974731445,52.7278938293457,,1,0.0,2964.56396484375,0.2153845654286215,1.05743408203125,
2026-06-12 01:37:13,1992.0,456.0,494.0291137695313,0.3334616307417551,3.400897026062012,0001111,0100101,,51.24828230413442,52.052371978759766,53.06455612182617,,0,50.16699218750006,2845.001953125,1.8162738176917514,1.0121841430664062,
2026-06-12 01:47:13,2024.0,444.0,510.513427734375,0.3282575702433492,3.459490776062012,0001111,0111101,,53.60101714528208,51.88393783569336,53.25187301635742,,1,0.0,3144.332275390625,-0.3491441289246566,1.3679351806640625,
2026-06-12 01:57:13,1760.0,494.0,523.0015258789062,0.3264945022498859,3.476996421813965,0001111,1001101,,50.01478925488006,51.50993347167969,52.942623138427734,,0,66.04769897460938,2617.76904296875,2.9278338835476774,1.4326896667480469,
2026-06-12 02:07:13,1888.0,504.0,512.0120239257812,0.329725592323378,3.494212865829468,0001111,0111011,,63.24399688248186,51.408409118652344,51.90016555786133,,1,0.0,2866.74462890625,-11.343831324620531,0.4917564392089844,
2026-06-12 02:17:13,1952.0,524.0,494.5286560058594,0.3306170656868055,3.517650365829468,0001111,1100101,,53.46845291374497,51.14482879638672,52.69430160522461,,1,0.0,2947.70263671875,-0.7741513085203593,1.5494728088378906,
2026-06-12 02:27:13,1872.0,496.0,493.5296325683594,0.3307780467295179,3.549189805984497,0001111,0011101,,49.02931111623105,51.5411491394043,54.41069793701172,,1,0.0,2911.29150390625,5.381386820780669,2.869548797607422,
2026-06-12 02:37:13,1840.0,508.0,508.515380859375,0.3297823458793116,3.584346055984497,0001111,1001101,,49.480280122717495,51.57924270629883,53.070167541503906,,0,78.88629150390625,2610.589599609375,3.589887418786411,1.4909248352050781,
2026-06-12 02:47:13,1768.0,488.0,499.0244140625,0.331229090269874,3.621238470077514,0001111,1001101,,54.99626370309022,51.721920013427734,53.13557815551758,,0,58.44586181640625,2607.449462890625,-1.8606855475726434,1.4136581420898438,
2026-06-12 02:57:13,1712.0,478.0,511.5124816894531,0.3287497339762893,3.6822917461395264,0001111,1001101,0001111,50.20508310439829,51.583457946777344,53.26576232910156,52.15568161010742,1,0.0,2661.29443359375,3.0606792247032715,1.6823043823242188,0.5722236633300781
2026-06-12 03:07:13,1680.0,456.0,511.012939453125,0.327912885348002,3.738136529922485,0001111,1001101,,49.39271383458771,51.599884033203125,52.88544464111328,,0,28.410614013671875,2622.42041015625,3.4927308065255716,1.2855606079101562,
2026-06-12 03:17:13,1768.0,478.0,512.0120239257812,0.3291951127379547,3.77705430984497,0001111,1001101,,54.1942079865071,51.53815841674805,52.92950439453125,,0,50.1090087890625,2618.77099609375,-1.2647035919758522,1.3913459777832031,
2026-06-12 03:27:13,1688.0,470.0,505.5182189941406,0.3293284389785691,3.8224825859069824,0001111,1001101,,54.15088762926897,51.58067321777344,52.91515350341797,,0,42.161346435546875,2620.17822265625,-1.2357341258510033,1.3344802856445312,
2026-06-12 03:37:13,1680.0,460.0,511.5124816894531,0.3270256900787353,3.891348361968994,0001111,1001101,,53.43469244110776,51.5263557434082,52.7600212097168,,0,33.256805419921875,2628.819091796875,-0.6746712313909597,1.2336654663085938,
2026-06-12 03:47:13,1680.0,458.0,518.5057983398438,0.3256682842853022,3.948640108108521,0001111,1001101,,47.036855400189005,51.45973587036133,52.643959045410156,,0,32.822509765625,2629.25537109375,5.607103645221152,1.1842231750488281,
2026-06-12 03:57:33,1688.0,338.0,580.44677734375,0.3148509218879774,3.985821723937988,0001011,1001101,,48.21032081321842,50.75818634033203,53.20651626586914,,1,0.0,2621.286865234375,4.996195452650717,2.4483299255371094,
2026-06-12 04:07:33,1928.0,354.0,546.9786987304688,0.3208407954141204,3.965133190155029,0001011,0101011,,47.86985796172522,50.43507766723633,51.65269470214844,,1,0.0,2775.418701171875,3.782836740423221,1.2176170349121094,
2026-06-12 04:17:33,1888.0,344.0,488.0348510742188,0.3294007855770635,3.9479167461395264,0001011,1001101,,50.32780617862992,51.1578369140625,52.858299255371094,,0,12.8782958984375,2624.63037109375,2.5304930767411733,1.7004623413085938,
2026-06-12 04:27:33,1840.0,338.0,496.52679443359375,0.3296447479724883,3.952546358108521,0001011,1001101,,49.50883067273997,51.346126556396484,53.88920211791992,,1,0.0,2785.2080078125,4.380371445179954,2.5430755615234375,
2026-06-12 04:37:33,1736.0,342.0,483.53912353515625,0.3316475090326047,3.9548611640930176,0001011,1001101,,50.900264375748186,51.66114807128906,53.61567687988281,,1,0.0,2657.427001953125,2.715412504134626,1.95452880859375,
2026-06-12 04:47:33,1744.0,342.0,500.0234375,0.3272930432067197,3.94892930984497,0001011,1001101,,54.01766190373202,51.466835021972656,53.64806365966797,,1,0.0,2663.89599609375,-0.3695982440640506,2.1812286376953125,
2026-06-12 04:57:33,1816.0,352.0,495.5277099609375,0.3270668155305525,3.89453125,0001011,1001101,,48.91272310631142,51.36599349975586,53.83516311645508,,1,0.0,2763.581298828125,4.92244001014366,2.4691696166992188,
2026-06-12 05:07:33,1816.0,352.0,497.0262756347656,0.328797983936235,3.854455947875977,0001011,1001101,,52.40810771416488,51.432552337646484,53.822532653808594,,1,0.0,2748.313720703125,1.414424939643716,2.3899803161621094,
2026-06-12 05:17:33,1760.0,336.0,497.0262756347656,0.328536985130871,3.866319417953491,0001011,1001101,,50.912739195201226,51.48033905029297,53.70509719848633,,1,0.0,2691.43701171875,2.792358003285102,2.2247581481933594,
2026-06-12 05:27:33,1736.0,338.0,495.0281982421875,0.3286263576208376,3.871961832046509,0001011,1001101,,47.44159094988178,51.57712936401367,53.61567687988281,,1,0.0,2657.427001953125,6.174085930001034,2.0385475158691406,
2026-06-12 05:37:33,1784.0,336.0,522.5020141601562,0.3219230194185294,3.891637802124024,0001011,1001101,,54.16514890467708,51.19541931152344,53.696598052978516,,1,0.0,2720.857421875,-0.46855085169856636,2.501178741455078,
2026-06-12 05:47:33,1872.0,356.0,519.00537109375,0.3230407163676093,3.858796358108521,0001011,1001101,,49.710650665315285,50.97478485107422,53.88115310668945,,1,0.0,2844.756103515625,4.170502441374168,2.9063682556152344,
2026-06-12 05:57:33,1792.0,338.0,480.04248046875,0.3303603251073874,3.838975667953491,0001011,1001101,,48.519226995034806,51.52627182006836,53.76504898071289,,1,0.0,2721.563720703125,5.245821985678084,2.2387771606445312,
2026-06-12 06:07:33,1856.0,338.0,516.5076904296875,0.3247782431864271,3.799623727798462,0001011,1001101,,52.53419253739673,51.06862258911133,53.86867141723633,,1,0.0,2814.9814453125,1.334478879839601,2.800048828125,
2026-06-12 06:17:33,1888.0,340.0,486.5362854003906,0.3292575433441236,3.778067111968994,0001011,1001101,,53.47544157988613,51.234554290771484,52.931968688964844,,0,13.0667724609375,2618.5439453125,-0.5434728909212865,1.6974143981933594,
2026-06-12 06:27:33,1800.0,330.0,489.0339050292969,0.3299404828454933,3.623553276062012,0001011,1001101,,51.7264791582546,51.529052734375,53.78533935546875,,1,0.0,2722.57421875,2.058860197214152,2.25628662109375,
2026-06-12 06:37:33,1880.0,350.0,480.5420227050781,0.3314063942198659,3.485098361968994,0001011,1001101,,50.50896799413812,51.52725601196289,53.95277404785156,,1,0.0,2828.499267578125,3.4438060537134447,2.425518035888672,
2026-06-12 06:47:33,1776.0,342.0,463.05865478515625,0.3345920971094392,3.4479167461395264,0001011,1001101,,59.54803461070496,51.781097412109375,53.751251220703125,,1,0.0,2708.2021484375,-5.796783390001835,1.97015380859375,
2026-06-12 06:57:33,1760.0,326.0,493.0301513671875,0.3309227264862434,3.4458911418914795,0001011,1001101,,54.60945876472392,51.707984924316406,53.70509719848633,,1,0.0,2691.436767578125,-0.9043615662375899,1.9971122741699219,
2026-06-12 07:07:33,1792.0,348.0,473.0491027832031,0.3342077161050309,3.428096055984497,0001011,1001101,,56.0415901837635,51.833900451660156,53.78498458862305,,1,0.0,2722.62451171875,-2.2566055951404564,1.9510841369628906,
2026-06-12 07:17:33,1736.0,336.0,499.0244140625,0.3284681914366927,3.404803276062012,0001011,1001101,,47.4310549743654,51.666439056396484,53.61567687988281,,1,0.0,2657.42724609375,6.18462190551741,1.9492378234863281,
2026-06-12 07:27:33,1824.0,348.0,518.0062866210938,0.3243966893121307,3.358941078186035,0001011,1001101,,46.126731027117465,51.328147888183594,53.85795974731445,,1,0.0,2761.693115234375,7.731228720196988,2.5298118591308594,
2026-06-12 07:37:33,1856.0,344.0,451.569580078125,0.3348310895293366,3.3017940521240234,0001011,1001101,,53.29291412909465,51.657833099365234,53.91017532348633,,1,0.0,2801.8408203125,0.6172611943916806,2.2523422241210938,
2026-06-12 07:47:33,1792.0,350.0,448.0729370117188,0.3369508907374213,3.399160861968994,0001011,1001101,,52.50850173508989,51.765323638916016,53.78498458862305,,1,0.0,2722.62451171875,1.2764828535331603,2.0196609497070312,
2026-06-12 07:57:33,1784.0,342.0,477.544921875,0.3303780633328007,3.5309605598449707,0001011,1001101,,48.41299701846379,51.636165618896484,53.76140594482422,,1,0.0,2709.76904296875,5.3484089263604275,2.1252403259277344,
2026-06-12 08:07:33,1856.0,342.0,494.5286560058594,0.330135526189617,3.518807888031006,0001011,1001101,,49.96917303062171,51.49708557128906,53.90989685058594,,1,0.0,2802.022216796875,3.9407238199642265,2.412811279296875,
2026-06-12 08:17:33,1920.0,356.0,524.0006103515625,0.3241371367959415,3.488715171813965,0001011,1001101,,54.12092049742837,50.908721923828125,52.82000732421875,,0,44.329345703125,2627.2626953125,-1.3009131732096222,1.911285400390625,
2026-06-12 08:27:33,1920.0,352.0,497.0262756347656,0.328541960365632,3.471064805984497,0001011,1001101,,48.14559669442244,51.21046829223633,53.97642517089844,,1,0.0,2864.7861328125,5.830828476476,2.7659568786621094,
2026-06-12 08:37:33,1936.0,358.0,560.4658203125,0.3159750000402038,3.454282522201538,0001011,0101011,0001011,50.350306764787575,50.39100646972656,51.661705017089844,51.32228469848633,1,0.0,2774.56103515625,1.3113982523022685,1.2706985473632812,0.9312782287597656
2026-06-12 08:47:33,1952.0,350.0,567.4591674804688,0.3159856423910926,3.434751272201538,0001011,1001001,,47.71595670103556,50.40512466430664,51.657493591308594,,0,62.5184326171875,2612.686767578125,3.941536890273035,1.2523689270019531,
2026-06-12 08:57:33,1936.0,342.0,544.4810791015625,0.3187855296742682,3.4221644401550293,0001011,0101011,0001011,50.26267754682737,50.59416580200195,51.861778259277344,51.71638107299805,1,0.0,2843.573486328125,1.5991007124499745,1.2676124572753906,1.1222152709960938
2026-06-12 09:07:33,1968.0,380.0,523.0015258789062,0.3249754135982662,3.3958332538604736,0101011,0101011,0101011,48.593823436357,50.09526062011719,52.15837478637695,52.15837478637695,1,0.0,2828.02197265625,3.564551350019954,2.0631141662597656,2.0631141662597656
2026-06-12 09:17:33,1960.0,358.0,482.04052734375,0.3322538729274973,3.394965171813965,0101011,1001101,,52.32135382886155,50.40491485595703,54.00640869140625,,1,0.0,2904.80126953125,1.6850548625447033,3.6014938354492188,
2026-06-12 09:27:33,1912.0,354.0,510.0138854980469,0.3260001845687043,3.4056713581085205,0001011,1001101,,50.7260816759876,51.10105895996094,52.953590393066406,,0,36.9794921875,2617.053955078125,2.2275087170788055,1.8525314331054688,
2026-06-12 09:37:33,1928.0,354.0,534.4905395507812,0.3221244422127218,3.3767361640930176,0001011,0101011,,47.87774490033768,50.83807373046875,52.0540771484375,,1,0.0,2812.150390625,4.176332248099818,1.21600341796875,
2026-06-12 09:47:33,1904.0,358.0,534.9901123046875,0.3221003292121138,3.3791956901550293,0001011,1001101,,50.3957328321447,50.83912658691406,53.97023391723633,,1,0.0,2870.499755859375,3.574501085091626,3.1311073303222656,
2026-06-12 09:57:33,1952.0,348.0,594.4334716796875,0.3084383690357208,3.363425970077514,0001011,1001011,,49.6355596845422,49.912166595458984,50.945533752441406,,1,0.0,2724.9892578125,1.309974067899205,1.0333671569824219,
2026-06-12 10:07:33,1944.0,370.0,594.4334716796875,0.3092028862588545,3.3666088581085205,0001011,0110111,,50.02067778091932,49.95906448364258,51.689579010009766,,0,61.206634521484375,2822.06640625,1.6689012290904444,1.7305145263671875,
2026-06-12 10:17:33,2144.0,440.0,529.495361328125,0.3262072931785209,3.3919270038604736,0101011,0111101,,53.66830374373834,50.62617874145508,53.15592575073242,,1,0.0,3127.418212890625,-0.51237799300592,2.5297470092773438,
2026-06-12 10:27:33,2064.0,412.0,484.5382080078125,0.3305893980288038,3.428240776062012,0101011,1001101,,53.352513626366346,50.68107986450195,54.00640869140625,,1,0.0,2904.801513671875,0.6538950650399045,3.325328826904297,
2026-06-12 10:37:33,2048.0,408.0,501.5220031738281,0.3297759564951353,3.463252305984497,0101011,1100101,,52.375248358851564,50.6461067199707,52.90638732910156,,1,0.0,3027.96240234375,0.531138970249998,2.2602806091308594,
2026-06-12 10:47:33,2080.0,414.0,487.0357666015625,0.3315134792234382,3.492621421813965,0101011,1100101,,50.90267194546142,50.75473403930664,53.18080139160156,,1,0.0,3066.465576171875,2.2781294461401416,2.426067352294922,
2026-06-12 10:57:33,1912.0,356.0,489.533447265625,0.3308354869075849,3.561776638031006,0101011,1001101,,45.73708681272621,50.326114654541016,53.147586822509766,,0,34.517333984375,2606.893798828125,7.410500009783554,2.82147216796875,
2026-06-12 11:07:33,1944.0,374.0,511.012939453125,0.3293582407165976,3.5759549140930176,0101011,0101011,0101011,52.32262370556499,50.20185089111328,52.202178955078125,52.202178955078125,1,0.0,2845.7412109375,-0.1204447504868682,2.0003280639648438,2.0003280639648438
2026-06-12 11:17:33,1984.0,386.0,513.0110473632812,0.3280589909413282,3.597800970077514,0101011,0100111,0101011,52.280359564966986,50.19166564941406,52.12310791015625,51.538455963134766,0,45.780975341796875,2988.06494140625,-0.15725165481073589,1.9314422607421875,1.3467903137207031
2026-06-12 11:27:33,2048.0,414.0,493.5296325683594,0.3293773778980853,3.5998263359069824,0101011,1100101,,50.09665409963359,50.55450439453125,53.06892395019531,,1,0.0,3050.704345703125,2.972269850561723,2.5144195556640625,
