泵组状态,状态,训练样本,测试样本,频率组合总数,有效频率组合,训练频率组合,测试频率组合,训练轮数,训练时长_s,运行时间,170:1_瞬时流量_MAE,170:1_瞬时流量_RMSE,170:1_瞬时流量_MAPE(%),170:1_瞬时流量_R2,170:2_瞬时流量_MAE,170:2_瞬时流量_RMSE,170:2_瞬时流量_MAPE(%),170:2_瞬时流量_R2,70:3_瞬时流量_MAE,70:3_瞬时流量_RMSE,70:3_瞬时流量_MAPE(%),70:3_瞬时流量_R2,总管效率_pct_MAE,总管效率_pct_RMSE,总管效率_pct_MAPE(%),总管效率_pct_R2,flowtotal(总和)_MAE,flowtotal(总和)_RMSE,flowtotal(总和)_MAPE(%),flowtotal(总和)_R2,原因,样本数
0000110,ok,4572.0,277.0,295,24,291.0,4.0,150.0,14.8,2026-08-03 15:13:55,20.40999984741211,26.8799991607666,1.67,0.6637,2.7899999618530273,3.4000000953674316,0.73,0.9031,0.0,0.0,,0.0,2.490000009536743,3.109999895095825,5.08,0.1148,21.479999542236328,27.5,1.34,0.7521,,
0001010,ok,151124.0,29183.0,109,103,89.0,20.0,98.0,72.0,2026-08-03 15:15:08,22.40999984741211,29.239999771118164,1.42,0.9351,6.050000190734863,7.599999904632568,1.8,0.7539,0.0,0.0,,0.0,2.75,3.4700000286102295,5.73,0.0313,25.43000030517578,33.29999923706055,1.33,0.9327,,
0001011,ok,23589.0,3422.0,49,41,41.0,8.0,65.0,10.1,2026-08-03 15:15:19,12.59000015258789,16.799999237060547,0.69,0.8949,4.519999980926514,6.050000190734863,1.32,0.218,6.320000171661377,8.130000114440918,1.29,0.8706,2.0999999046325684,2.759999990463257,3.99,0.0039,15.100000381469727,19.770000457763672,0.57,0.8995,,
0001110,ok,36678.0,4371.0,919,175,884.0,35.0,118.0,27.3,2026-08-03 15:15:47,31.170000076293945,40.369998931884766,1.61,0.5371,9.569999694824219,14.649999618530273,2.04,0.9351,0.0,0.0,,0.0,2.359999895095825,2.940000057220459,4.93,0.2096,35.56999969482422,46.869998931884766,1.46,0.745,,
0001111,ok,22214.0,3095.0,910,145,881.0,29.0,122.0,19.5,2026-08-03 15:16:06,18.579999923706055,24.790000915527344,0.98,0.9621,6.039999961853027,7.940000057220459,1.24,0.9385,6.130000114440918,8.09000015258789,1.24,0.6793,2.009999990463257,2.8299999237060547,3.79,0.1108,21.719999313354492,29.559999465942383,0.75,0.9538,,
0010010,ok,59346.0,9929.0,76,76,61.0,15.0,150.0,49.5,2026-08-03 15:16:57,19.43000030517578,26.18000030517578,1.31,0.9379,6.460000038146973,8.380000114440918,1.43,0.9682,0.0,0.0,,0.0,2.809999942779541,3.5299999713897705,6.13,0.0608,22.219999313354492,29.40999984741211,1.14,0.962,,
0010011,ok,16557.0,865.0,39,28,34.0,5.0,120.0,17.4,2026-08-03 15:17:14,28.760000228881836,36.02000045776367,1.77,0.4566,5.650000095367432,7.400000095367432,1.07,0.7698,5.96999979019165,7.449999809265137,1.17,0.7799,2.0399999618530273,2.5,4.17,-0.057,31.290000915527344,40.41999816894531,1.17,0.5991,,
0010110,skipped,,,74,3,,,,,,,,,,,,,,,,,,,,,,,,,,有效频率组合 3 < 10,592.0
0011010,skipped,,,8,0,,,,,,,,,,,,,,,,,,,,,,,,,,有效频率组合 0 < 10,18.0
0011110,skipped,,,31,0,,,,,,,,,,,,,,,,,,,,,,,,,,有效频率组合 0 < 10,57.0
0101010,ok,57081.0,7716.0,1064,255,1013.0,51.0,128.0,44.0,2026-08-03 15:17:59,18.18000030517578,23.540000915527344,0.84,0.943,5.650000095367432,7.25,1.2,0.9153,0.0,0.0,,0.0,2.200000047683716,2.759999990463257,4.5,0.0622,19.649999618530273,25.309999465942383,0.75,0.9567,,
0101011,ok,111232.0,22805.0,1540,537,1433.0,107.0,150.0,100.1,2026-08-03 15:19:40,14.390000343322754,18.399999618530273,0.66,0.9665,5.329999923706055,6.840000152587891,1.16,0.9402,6.820000171661377,8.680000305175781,1.38,0.7623,1.8600000143051147,2.2699999809265137,3.67,0.0441,17.75,22.229999542236328,0.56,0.9706,,
0101110,ok,12377.0,608.0,1094,40,1086.0,8.0,150.0,14.3,2026-08-03 15:19:56,29.549999237060547,44.290000915527344,1.34,0.7186,8.770000457763672,10.979999542236328,1.53,0.9206,0.0,0.0,,0.0,2.059999942779541,2.6700000762939453,4.25,0.3458,34.880001068115234,47.43000030517578,1.24,0.766,,
0101111,skipped,,,86,0,,,,,,,,,,,,,,,,,,,,,,,,,,有效频率组合 0 < 10,87.0
0110010,ok,69214.0,12292.0,778,303,718.0,60.0,123.0,56.6,2026-08-03 15:20:53,26.3799991607666,33.560001373291016,1.38,0.9105,6.090000152587891,7.760000228881836,0.98,0.8757,0.0,0.0,,0.0,2.190000057220459,3.0799999237060547,4.92,0.0716,27.559999465942383,35.18000030517578,1.08,0.9285,,
0110011,ok,50646.0,9318.0,1146,229,1101.0,45.0,140.0,49.1,2026-08-03 15:21:43,27.969999313354492,34.79999923706055,1.45,0.9248,6.929999828338623,8.539999961853027,1.13,0.9044,6.050000190734863,7.639999866485596,1.25,0.8275,1.7799999713897705,2.2699999809265137,3.61,0.0259,31.059999465942383,38.900001525878906,1.02,0.9412,,
0110110,skipped,,,49,0,,,,,,,,,,,,,,,,,,,,,,,,,,有效频率组合 0 < 10,148.0
0111010,skipped,,,42,0,,,,,,,,,,,,,,,,,,,,,,,,,,有效频率组合 0 < 10,82.0
0111011,skipped,,,51,0,,,,,,,,,,,,,,,,,,,,,,,,,,有效频率组合 0 < 10,85.0
1000010,ok,213023.0,72358.0,96,91,78.0,18.0,60.0,83.5,2026-08-03 15:23:09,24.190000534057617,30.760000228881836,1.68,0.9164,5.329999923706055,6.769999980926514,1.36,0.896,0.0,0.0,,0.0,2.049999952316284,2.619999885559082,4.63,0.1445,26.1200008392334,33.209999084472656,1.43,0.9306,,
1000011,ok,117840.0,21732.0,161,57,150.0,11.0,47.0,37.4,2026-08-03 15:23:47,25.469999313354492,32.880001068115234,1.59,0.7839,5.889999866485596,7.630000114440918,1.44,0.7829,8.0600004196167,11.199999809265137,1.67,0.7433,1.8600000143051147,2.3399999141693115,3.79,0.0078,29.610000610351562,38.45000076293945,1.18,0.8197,,
1000110,ok,43687.0,7342.0,694,205,653.0,41.0,126.0,37.1,2026-08-03 15:24:25,28.200000762939453,41.84000015258789,1.47,0.9306,6.619999885559082,8.550000190734863,1.22,0.9582,0.0,0.0,,0.0,2.0999999046325684,2.75,4.19,0.2429,30.309999465942383,45.369998931884766,1.23,0.9478,,
1000111,ok,26568.0,4799.0,658,162,626.0,32.0,150.0,30.7,2026-08-03 15:24:56,31.959999084472656,41.86000061035156,1.58,0.9452,6.25,8.119999885559082,1.14,0.9737,8.270000457763672,11.600000381469727,1.7,0.7595,1.659999966621399,2.119999885559082,3.17,0.2448,34.310001373291016,44.27000045776367,1.12,0.9662,,
1001000,ok,153059.0,23973.0,97,81,81.0,16.0,133.0,129.8,2026-08-03 15:27:07,29.149999618530273,39.060001373291016,1.84,0.9429,6.559999942779541,8.319999694824219,2.21,0.9531,0.0,0.0,,0.0,2.4600000381469727,3.0199999809265137,5.28,0.3043,33.130001068115234,44.0099983215332,1.77,0.9521,,
1001001,ok,32893.0,4902.0,99,47,90.0,9.0,103.0,26.1,2026-08-03 15:27:33,15.989999771118164,20.65999984741211,0.88,0.8818,4.820000171661377,6.03000020980835,1.48,0.878,6.5,8.180000305175781,1.35,0.7957,2.0799999237060547,2.509999990463257,4.04,-0.0019,19.93000030517578,25.489999771118164,0.76,0.8871,,
1001010,ok,35356.0,9686.0,109,61,97.0,12.0,135.0,35.3,2026-08-03 15:28:09,26.3799991607666,35.22999954223633,1.1,0.832,6.010000228881836,7.650000095367432,1.09,0.8653,0.0,0.0,,0.0,1.809999942779541,2.25,3.75,0.0367,29.3700008392334,38.810001373291016,0.99,0.8635,,
1001011,ok,57293.0,13396.0,324,67,311.0,13.0,150.0,59.2,2026-08-03 15:29:09,39.7400016784668,54.5099983215332,1.66,0.8751,7.860000133514404,11.0600004196167,1.45,0.9009,16.6299991607666,24.639999389648438,3.54,0.321,1.9800000190734863,2.490000009536743,4.0,0.0879,57.58000183105469,76.33999633789062,1.68,0.8513,,
1001100,ok,35396.0,4358.0,753,165,720.0,33.0,116.0,29.8,2026-08-03 15:29:39,21.479999542236328,28.0,0.99,0.9142,6.71999979019165,8.819999694824219,1.48,0.9139,0.0,0.0,,0.0,2.1500000953674316,2.609999895095825,4.15,0.0099,23.829999923706055,32.13999938964844,0.91,0.9331,,
1001101,ok,13064.0,807.0,491,48,482.0,9.0,122.0,13.0,2026-08-03 15:29:52,20.360000610351562,23.399999618530273,0.99,0.8852,4.880000114440918,6.380000114440918,1.18,0.9282,7.599999904632568,9.210000038146973,1.51,0.9422,1.9299999475479126,2.4800000190734863,3.63,0.0076,18.43000030517578,22.969999313354492,0.62,0.871,,
1001110,ok,3368.0,311.0,319,18,316.0,3.0,139.0,9.7,2026-08-03 15:30:02,36.880001068115234,56.11000061035156,1.4,0.5996,12.710000038146973,22.31999969482422,1.9,0.4481,0.0,0.0,,0.0,2.200000047683716,2.630000114440918,4.46,0.2372,39.939998626708984,67.3499984741211,1.21,0.6441,,
1001111,skipped,,,102,0,,,,,,,,,,,,,,,,,,,,,,,,,,有效频率组合 0 < 10,234.0
1010010,ok,1628.0,152.0,25,13,23.0,2.0,75.0,4.6,2026-08-03 15:30:07,15.720000267028809,21.139999389648438,0.73,0.8373,4.25,4.960000038146973,0.63,0.9398,0.0,0.0,,0.0,1.909999966621399,2.0899999141693115,4.14,-0.2807,15.300000190734863,21.790000915527344,0.54,0.9073,,
1010011,ok,4344.0,1338.0,99,22,95.0,4.0,68.0,4.9,2026-08-03 15:30:12,25.030000686645508,31.920000076293945,1.09,0.5063,5.289999961853027,6.690000057220459,0.73,0.7443,6.769999980926514,8.479999542236328,1.41,0.4632,1.8700000047683716,2.369999885559082,3.75,-0.0107,26.049999237060547,32.20000076293945,0.75,0.6624,,
1100010,ok,215252.0,45350.0,1937,825,1772.0,165.0,138.0,194.9,2026-08-03 15:33:29,24.760000228881836,32.0099983215332,1.19,0.9378,5.260000228881836,6.71999979019165,0.96,0.9493,0.0,0.0,,0.0,1.6699999570846558,2.200000047683716,3.49,0.0676,26.389999389648438,34.25,1.0,0.9522,,
1100011,ok,172860.0,39455.0,2129,588,2012.0,117.0,118.0,132.5,2026-08-03 15:35:44,25.459999084472656,32.58000183105469,1.26,0.9519,5.070000171661377,6.570000171661377,0.97,0.9582,8.1899995803833,10.8100004196167,1.67,0.7366,1.5800000429153442,2.0399999618530273,3.18,0.1343,28.739999771118164,36.970001220703125,0.95,0.9589,,
1100110,skipped,,,434,9,,,,,,,,,,,,,,,,,,,,,,,,,,有效频率组合 9 < 10,3470.0
1100111,skipped,,,205,2,,,,,,,,,,,,,,,,,,,,,,,,,,有效频率组合 2 < 10,1445.0
1101000,ok,152298.0,32054.0,1672,586,1555.0,117.0,84.0,84.3,2026-08-03 15:37:11,26.3700008392334,34.290000915527344,1.22,0.9241,5.570000171661377,7.03000020980835,1.19,0.9571,0.0,0.0,,0.0,1.9500000476837158,2.4200000762939453,3.98,0.0517,28.899999618530273,37.459999084472656,1.1,0.9432,,
1101001,ok,134954.0,27618.0,1621,356,1550.0,71.0,150.0,133.0,2026-08-03 15:39:26,31.780000686645508,39.529998779296875,1.47,0.8636,5.21999979019165,6.78000020980835,1.13,0.9452,6.679999828338623,8.489999771118164,1.36,0.6856,1.690000057220459,2.0799999237060547,3.34,0.0173,36.560001373291016,45.349998474121094,1.17,0.8941,,
1101010,skipped,,,152,0,,,,,,,,,,,,,,,,,,,,,,,,,,有效频率组合 0 < 10,332.0
1101011,skipped,,,164,0,,,,,,,,,,,,,,,,,,,,,,,,,,有效频率组合 0 < 10,420.0
1101100,skipped,,,126,7,,,,,,,,,,,,,,,,,,,,,,,,,,有效频率组合 7 < 10,1653.0
1101110,skipped,,,27,0,,,,,,,,,,,,,,,,,,,,,,,,,,有效频率组合 0 < 10,46.0
1101111,skipped,,,22,0,,,,,,,,,,,,,,,,,,,,,,,,,,有效频率组合 0 < 10,33.0
1110010,skipped,,,7,0,,,,,,,,,,,,,,,,,,,,,,,,,,有效频率组合 0 < 10,13.0
1110011,skipped,,,15,0,,,,,,,,,,,,,,,,,,,,,,,,,,有效频率组合 0 < 10,20.0
1111000,skipped,,,18,0,,,,,,,,,,,,,,,,,,,,,,,,,,有效频率组合 0 < 10,37.0
